"Fecha";"Porcentaje (%)"
"2012/08/01";4,903
"2012/08/02";4,914
"2012/08/03";4,913
"2012/08/06";4,903
"2012/08/08";4,898
"2012/08/09";4,903
"2012/08/10";4,902
"2012/08/13";4,896
"2012/08/14";4,898
"2012/08/15";4,893
"2012/08/16";4,886
"2012/08/17";4,884
"2012/08/21";4,883
"2012/08/22";4,854
"2012/08/23";4,823
"2012/08/24";4,808
"2012/08/27";4,741
"2012/08/28";4,767
"2012/08/29";4,771
"2012/08/30";4,772
"2012/08/31";4,77
"2012/09/03";4,757
"2012/09/04";4,72
"2012/09/05";4,704
"2012/09/06";4,657
"2012/09/07";4,615
"2012/09/10";4,589
"2012/09/11";4,565
"2012/09/12";4,563
"2012/09/13";4,578
"2012/09/14";4,584
"2012/09/17";4,589
"2012/09/18";4,585
"2012/09/19";4,606
"2012/09/20";4,573
"2012/09/21";4,592
"2012/09/24";4,588
"2012/09/25";4,604
"2012/09/26";4,597
"2012/09/27";4,575
"2012/09/28";4,568
"2012/10/01";4,641
"2012/10/02";4,657
"2012/10/03";4,678
"2012/10/04";4,662
"2012/10/05";4,654
"2012/10/08";4,688
"2012/10/09";4,699
"2012/10/10";4,709
"2012/10/11";4,711
"2012/10/12";4,713
"2012/10/16";4,723
"2012/10/17";4,726
"2012/10/18";4,733
"2012/10/19";4,668
"2012/10/22";4,652
"2012/10/23";4,678
"2012/10/24";4,689
"2012/10/25";4,699
"2012/10/26";4,7
"2012/10/29";4,707
"2012/10/30";4,714
"2012/10/31";4,711
"2012/11/01";4,71
"2012/11/02";4,714
"2012/11/06";4,709
"2012/11/07";4,704
"2012/11/08";4,705
"2012/11/09";4,701
"2012/11/13";4,701
"2012/11/14";4,699
"2012/11/15";4,699
"2012/11/16";4,701
"2012/11/19";4,704
"2012/11/20";4,707
"2012/11/21";4,711
"2012/11/22";4,714
"2012/11/23";4,709
"2012/11/26";4,508
"2012/11/27";4,508
"2012/11/28";4,505
"2012/11/29";4,503
"2012/11/30";4,503
"2012/12/03";4,494
"2012/12/04";4,503
"2012/12/05";4,505
"2012/12/06";4,503
"2012/12/07";4,499
"2012/12/10";4,503
"2012/12/11";4,502
"2012/12/12";4,497
"2012/12/13";4,5
"2012/12/14";4,504
"2012/12/17";4,5
"2012/12/18";4,5
"2012/12/19";4,498
"2012/12/20";4,496
"2012/12/21";4,332
"2012/12/24";4,244
"2012/12/26";4,231
"2012/12/27";4,225
"2012/12/28";4,218
"2013/01/02";4,215
"2013/01/03";4,207
"2013/01/04";4,202
"2013/01/08";4,034
"2013/01/09";3,987
"2013/01/10";4,029
"2013/01/11";4,003
"2013/01/14";4,018
"2013/01/15";4,006
"2013/01/16";3,985
"2013/01/17";3,982
"2013/01/18";3,976
"2013/01/21";3,961
"2013/01/22";3,946
"2013/01/23";3,938
"2013/01/24";3,93
"2013/01/25";3,925
"2013/01/28";3,914
"2013/01/29";3,907
"2013/01/30";3,902
"2013/01/31";3,892
"2013/02/01";3,878
"2013/02/04";3,883
"2013/02/05";3,87
"2013/02/06";3,779
"2013/02/07";3,762
"2013/02/08";3,755
"2013/02/11";3,724
"2013/02/12";3,725
"2013/02/13";3,723
"2013/02/14";3,713
"2013/02/15";3,709
"2013/02/18";3,709
"2013/02/19";3,706
"2013/02/20";3,717
"2013/02/21";3,701
"2013/02/22";3,69
"2013/02/25";3,648
"2013/02/26";3,63
"2013/02/27";3,634
"2013/02/28";3,619
"2013/03/01";3,601
"2013/03/04";3,583
"2013/03/05";3,568
"2013/03/06";3,542
"2013/03/07";3,532
"2013/03/08";3,528
"2013/03/11";3,515
"2013/03/12";3,509
"2013/03/13";3,509
"2013/03/14";3,513
"2013/03/15";3,52
"2013/03/18";3,502
"2013/03/19";3,494
"2013/03/20";3,486
"2013/03/21";3,476
"2013/03/22";3,477
"2013/03/26";3,192
"2013/03/27";3,201
"2013/04/01";3,209
"2013/04/02";3,18
"2013/04/03";3,187
"2013/04/04";3,173
"2013/04/05";3,162
"2013/04/08";3,149
"2013/04/09";3,137
"2013/04/10";3,125
"2013/04/11";3,118
"2013/04/12";3,113
"2013/04/15";3,117
"2013/04/16";3,123
"2013/04/17";3,131
"2013/04/18";3,145
"2013/04/19";3,15
"2013/04/22";3,132
"2013/04/23";3,121
"2013/04/24";3,108
"2013/04/25";3,112
"2013/04/26";3,096
"2013/04/29";3,165
"2013/04/30";3,17
"2013/05/02";3,18
"2013/05/03";3,18
"2013/05/06";3,183
"2013/05/07";3,186
"2013/05/08";3,191
"2013/05/09";3,195
"2013/05/10";3,21
"2013/05/14";3,214
"2013/05/15";3,219
"2013/05/16";3,222
"2013/05/17";3,223
"2013/05/20";3,219
"2013/05/21";3,214
"2013/05/22";3,219
"2013/05/23";3,217
"2013/05/24";3,227
"2013/05/27";3,228
"2013/05/28";3,231
"2013/05/29";3,232
"2013/05/30";3,239
"2013/05/31";3,233
"2013/06/04";3,238
"2013/06/05";3,234
"2013/06/06";3,237
"2013/06/07";3,232
"2013/06/11";3,235
"2013/06/12";3,237
"2013/06/13";3,237
"2013/06/14";3,235
"2013/06/17";3,232
"2013/06/18";3,235
"2013/06/19";3,236
"2013/06/20";3,237
"2013/06/21";3,241
"2013/06/24";3,245
"2013/06/25";3,242
"2013/06/26";3,24
"2013/06/27";3,237
"2013/06/28";3,237
"2013/07/02";3,241
"2013/07/03";3,241
"2013/07/04";3,242
"2013/07/05";3,242
"2013/07/08";3,242
"2013/07/09";3,24
"2013/07/10";3,233
"2013/07/11";3,221
"2013/07/12";3,198
"2013/07/15";3,199
"2013/07/16";3,192
"2013/07/17";3,185
"2013/07/18";3,185
"2013/07/19";3,2
"2013/07/22";3,222
"2013/07/23";3,245
"2013/07/24";3,254
"2013/07/25";3,256
"2013/07/26";3,258
"2013/07/29";3,264
"2013/07/30";3,262
"2013/07/31";3,266
"2013/08/01";3,259
"2013/08/02";3,259
"2013/08/05";3,261
"2013/08/06";3,258
"2013/08/08";3,258
"2013/08/09";3,263
"2013/08/12";3,263
"2013/08/13";3,268
"2013/08/14";3,264
"2013/08/15";3,264
"2013/08/16";3,264
"2013/08/20";3,26
"2013/08/21";3,261
"2013/08/22";3,259
"2013/08/23";3,263
"2013/08/26";3,262
"2013/08/27";3,26
"2013/08/28";3,262
"2013/08/29";3,262
"2013/08/30";3,261
"2013/09/02";3,245
"2013/09/03";3,214
"2013/09/04";3,179
"2013/09/05";3,172
"2013/09/06";3,137
"2013/09/09";3,134
"2013/09/10";3,116
"2013/09/11";3,103
"2013/09/12";3,069
"2013/09/13";3,054
"2013/09/16";3,045
"2013/09/17";3,108
"2013/09/18";3,154
"2013/09/19";3,186
"2013/09/20";3,225
"2013/09/23";3,257
"2013/09/24";3,268
"2013/09/25";3,262
"2013/09/26";3,255
"2013/09/27";3,241
"2013/09/30";3,27
"2013/10/01";3,267
"2013/10/02";3,258
"2013/10/03";3,251
"2013/10/04";3,242
"2013/10/07";3,258
"2013/10/08";3,266
"2013/10/09";3,26
"2013/10/10";3,255
"2013/10/11";3,253
"2013/10/15";3,254
"2013/10/16";3,251
"2013/10/17";3,251
"2013/10/18";3,255
"2013/10/21";3,258
"2013/10/22";3,248
"2013/10/23";3,242
"2013/10/24";3,241
"2013/10/25";3,252
"2013/10/28";3,244
"2013/10/29";3,244
"2013/10/30";3,258
"2013/10/31";3,274
"2013/11/01";3,267
"2013/11/05";3,271
"2013/11/06";3,252
"2013/11/07";3,247
"2013/11/08";3,258
"2013/11/12";3,259
"2013/11/13";3,262
"2013/11/14";3,261
"2013/11/15";3,254
"2013/11/18";3,256
"2013/11/19";3,253
"2013/11/20";3,252
"2013/11/21";3,25
"2013/11/22";3,249
"2013/11/25";3,242
"2013/11/26";3,236
"2013/11/27";3,232
"2013/11/28";3,221
"2013/11/29";3,222
"2013/12/02";3,24
"2013/12/03";3,243
"2013/12/04";3,245
"2013/12/05";3,244
"2013/12/06";3,232
"2013/12/09";3,222
"2013/12/10";3,216
"2013/12/11";3,23
"2013/12/12";3,23
"2013/12/13";3,232
"2013/12/16";3,233
"2013/12/17";3,212
"2013/12/18";3,223
"2013/12/19";3,231
"2013/12/20";3,234
"2013/12/23";3,232
"2013/12/24";3,236
"2013/12/26";3,241
"2013/12/27";3,246
"2013/12/30";3,249
"2014/01/02";3,245
"2014/01/03";3,242
"2014/01/07";3,242
"2014/01/08";3,237
"2014/01/09";3,238
"2014/01/10";3,24
"2014/01/13";3,24
"2014/01/14";3,244
"2014/01/15";3,247
"2014/01/16";3,254
"2014/01/17";3,256
"2014/01/20";3,256
"2014/01/21";3,255
"2014/01/22";3,256
"2014/01/23";3,255
"2014/01/24";3,256
"2014/01/27";3,253
"2014/01/28";3,251
"2014/01/29";3,258
"2014/01/30";3,264
"2014/01/31";3,273
"2014/02/03";3,284
"2014/02/04";3,282
"2014/02/05";3,287
"2014/02/06";3,292
"2014/02/07";3,295
"2014/02/10";3,298
"2014/02/11";3,3
"2014/02/12";3,291
"2014/02/13";3,284
"2014/02/14";3,284
"2014/02/17";3,281
"2014/02/18";3,279
"2014/02/19";3,277
"2014/02/20";3,275
"2014/02/21";3,282
"2014/02/24";3,284
"2014/02/25";3,281
"2014/02/26";3,283
"2014/02/27";3,281
"2014/02/28";3,278
"2014/03/03";3,287
"2014/03/04";3,291
"2014/03/05";3,287
"2014/03/06";3,282
"2014/03/07";3,277
"2014/03/10";3,275
"2014/03/11";3,272
"2014/03/12";3,266
"2014/03/13";3,262
"2014/03/14";3,259
"2014/03/17";3,255
"2014/03/18";3,254
"2014/03/19";3,248
"2014/03/20";3,242
"2014/03/21";3,242
"2014/03/25";3,242
"2014/03/26";3,242
"2014/03/27";3,249
"2014/03/28";3,249
"2014/03/31";3,254
"2014/04/01";3,261
"2014/04/02";3,256
"2014/04/03";3,262
"2014/04/04";3,269
"2014/04/07";3,279
"2014/04/08";3,284
"2014/04/09";3,28
"2014/04/10";3,284
"2014/04/11";3,294
"2014/04/14";3,296
"2014/04/15";3,308
"2014/04/16";3,325
"2014/04/21";3,336
"2014/04/22";3,351
"2014/04/23";3,377
"2014/04/24";3,404
"2014/04/25";3,432
"2014/04/28";3,721
"2014/04/29";3,714
"2014/04/30";3,722
"2014/05/02";3,725
"2014/05/05";3,723
"2014/05/06";3,753
"2014/05/07";3,783
"2014/05/08";3,795
"2014/05/09";3,798
"2014/05/12";3,823
"2014/05/13";3,846
"2014/05/14";3,86
"2014/05/15";3,898
"2014/05/16";3,898
"2014/05/19";3,903
"2014/05/20";3,907
"2014/05/21";3,856
"2014/05/22";3,858
"2014/05/23";3,867
"2014/05/26";3,856
"2014/05/27";3,851
"2014/05/28";3,849
"2014/05/29";3,862
"2014/05/30";3,872
"2014/06/03";3,935
"2014/06/04";3,95
"2014/06/05";3,966
"2014/06/06";4,01
"2014/06/09";4,05
"2014/06/10";4,064
"2014/06/11";4,076
"2014/06/12";4,099
"2014/06/13";4,114
"2014/06/16";4,136
"2014/06/17";4,157
"2014/06/18";4,184
"2014/06/19";4,217
"2014/06/20";4,258
"2014/06/24";4,241
"2014/06/25";4,244
"2014/06/26";4,257
"2014/06/27";4,253
"2014/07/01";4,267
"2014/07/02";4,272
"2014/07/03";4,27
"2014/07/04";4,271
"2014/07/07";4,262
"2014/07/08";4,262
"2014/07/09";4,269
"2014/07/10";4,274
"2014/07/11";4,266
"2014/07/14";4,278
"2014/07/15";4,267
"2014/07/16";4,271
"2014/07/17";4,263
"2014/07/18";4,269
"2014/07/21";4,285
"2014/07/22";4,271
"2014/07/23";4,276
"2014/07/24";4,292
"2014/07/25";4,304
"2014/07/28";4,306
"2014/07/29";4,327
"2014/07/30";4,337
"2014/07/31";4,351
"2014/08/01";4,406
"2014/08/04";4,41
"2014/08/05";4,426
"2014/08/06";4,405
"2014/08/08";4,415
"2014/08/11";4,419
"2014/08/12";4,416
"2014/08/13";4,419
"2014/08/14";4,425
"2014/08/15";4,42
"2014/08/19";4,421
"2014/08/20";4,424
"2014/08/21";4,441
"2014/08/22";4,431
"2014/08/25";4,445
"2014/08/26";4,494
"2014/08/27";4,492
"2014/08/28";4,489
"2014/08/29";4,484
"2014/09/01";4,489
"2014/09/02";4,49
"2014/09/03";4,492
"2014/09/04";4,508
"2014/09/05";4,508
"2014/09/08";4,573
"2014/09/09";4,578
"2014/09/10";4,584
"2014/09/11";4,574
"2014/09/12";4,587
"2014/09/15";4,578
"2014/09/16";4,547
"2014/09/17";4,519
"2014/09/18";4,531
"2014/09/19";4,529
"2014/09/22";4,528
"2014/09/23";4,524
"2014/09/24";4,531
"2014/09/25";4,531
"2014/09/26";4,547
"2014/09/29";4,536
"2014/09/30";4,513
"2014/10/01";4,513
"2014/10/02";4,505
"2014/10/03";4,512
"2014/10/06";4,503
"2014/10/07";4,494
"2014/10/08";4,505
"2014/10/09";4,513
"2014/10/10";4,499
"2014/10/14";4,503
"2014/10/15";4,495
"2014/10/16";4,494
"2014/10/17";4,496
"2014/10/20";4,496
"2014/10/21";4,5
"2014/10/22";4,508
"2014/10/23";4,51
"2014/10/24";4,512
"2014/10/27";4,515
"2014/10/28";4,518
"2014/10/29";4,511
"2014/10/30";4,509
"2014/10/31";4,505
"2014/11/04";4,499
"2014/11/05";4,497
"2014/11/06";4,515
"2014/11/07";4,515
"2014/11/10";4,515
"2014/11/11";4,513
"2014/11/12";4,507
"2014/11/13";4,508
"2014/11/14";4,503
"2014/11/18";4,505
"2014/11/19";4,499
"2014/11/20";4,5
"2014/11/21";4,498
"2014/11/24";4,496
"2014/11/25";4,494
"2014/11/26";4,493
"2014/11/27";4,493
"2014/11/28";4,491
"2014/12/01";4,473
"2014/12/02";4,474
"2014/12/03";4,477
"2014/12/04";4,48
"2014/12/05";4,483
"2014/12/09";4,488
"2014/12/10";4,484
"2014/12/11";4,489
"2014/12/12";4,481
"2014/12/15";4,478
"2014/12/16";4,476
"2014/12/17";4,474
"2014/12/18";4,493
"2014/12/19";4,494
"2014/12/22";4,49
"2014/12/23";4,492
"2014/12/24";4,488
"2014/12/26";4,488
"2014/12/29";4,489
"2014/12/30";4,495
"2015/01/02";4,493
"2015/01/05";4,497
"2015/01/06";4,498
"2015/01/07";4,5
"2015/01/08";4,496
"2015/01/09";4,5
"2015/01/13";4,499
"2015/01/14";4,5
"2015/01/15";4,498
"2015/01/16";4,498
"2015/01/19";4,494
"2015/01/20";4,496
"2015/01/21";4,494
"2015/01/22";4,492
"2015/01/23";4,489
"2015/01/26";4,484
"2015/01/27";4,482
"2015/01/28";4,479
"2015/01/29";4,47
"2015/01/30";4,464
"2015/02/02";4,458
"2015/02/03";4,461
"2015/02/04";4,469
"2015/02/05";4,47
"2015/02/06";4,483
"2015/02/09";4,491
"2015/02/10";4,498
"2015/02/11";4,499
"2015/02/12";4,5
"2015/02/13";4,5
"2015/02/16";4,497
"2015/02/17";4,495
"2015/02/18";4,493
"2015/02/19";4,487
"2015/02/20";4,483
"2015/02/23";4,481
"2015/02/24";4,477
"2015/02/25";4,476
"2015/02/26";4,474
"2015/02/27";4,47
"2015/03/02";4,464
"2015/03/03";4,468
"2015/03/04";4,462
"2015/03/05";4,468
"2015/03/06";4,494
"2015/03/09";4,5
"2015/03/10";4,504
"2015/03/11";4,507
"2015/03/12";4,5
"2015/03/13";4,504
"2015/03/16";4,509
"2015/03/17";4,509
"2015/03/18";4,505
"2015/03/19";4,504
"2015/03/20";4,503
"2015/03/24";4,506
"2015/03/25";4,509
"2015/03/26";4,514
"2015/03/27";4,515
"2015/03/30";4,522
"2015/03/31";4,527
"2015/04/01";4,529
"2015/04/06";4,526
"2015/04/07";4,52
"2015/04/08";4,515
"2015/04/09";4,513
"2015/04/10";4,516
"2015/04/13";4,513
"2015/04/14";4,516
"2015/04/15";4,508
"2015/04/16";4,509
"2015/04/17";4,51
"2015/04/20";4,51
"2015/04/21";4,509
"2015/04/22";4,509
"2015/04/23";4,508
"2015/04/24";4,507
"2015/04/27";4,508
"2015/04/28";4,511
"2015/04/29";4,516
"2015/04/30";4,522
"2015/05/04";4,524
"2015/05/05";4,526
"2015/05/06";4,532
"2015/05/07";4,517
"2015/05/08";4,517
"2015/05/11";4,514
"2015/05/12";4,515
"2015/05/13";4,511
"2015/05/14";4,51
"2015/05/15";4,509
"2015/05/19";4,512
"2015/05/20";4,511
"2015/05/21";4,514
"2015/05/22";4,509
"2015/05/25";4,515
"2015/05/26";4,509
"2015/05/27";4,509
"2015/05/28";4,508
"2015/05/29";4,507
"2015/06/01";4,506
"2015/06/02";4,51
"2015/06/03";4,512
"2015/06/04";4,515
"2015/06/05";4,515
"2015/06/09";4,513
"2015/06/10";4,509
"2015/06/11";4,513
"2015/06/12";4,509
"2015/06/16";4,511
"2015/06/17";4,513
"2015/06/18";4,51
"2015/06/19";4,509
"2015/06/22";4,511
"2015/06/23";4,511
"2015/06/24";4,512
"2015/06/25";4,511
"2015/06/26";4,51
"2015/06/30";4,513
"2015/07/01";4,514
"2015/07/02";4,515
"2015/07/03";4,516
"2015/07/06";4,518
"2015/07/07";4,52
"2015/07/08";4,52
"2015/07/09";4,52
"2015/07/10";4,52
"2015/07/13";4,52
"2015/07/14";4,52
"2015/07/15";4,52
"2015/07/16";4,52
"2015/07/17";4,52
"2015/07/21";4,521
"2015/07/22";4,52
"2015/07/23";4,525
"2015/07/24";4,526
"2015/07/27";4,53
"2015/07/28";4,533
"2015/07/29";4,537
"2015/07/30";4,536
"2015/07/31";4,537
"2015/08/03";4,608
"2015/08/04";4,683
"2015/08/05";4,724
"2015/08/06";4,757
"2015/08/10";4,812
"2015/08/11";4,764
"2015/08/12";4,72
"2015/08/13";4,697
"2015/08/14";4,7
"2015/08/18";4,72
"2015/08/19";4,746
"2015/08/20";4,754
"2015/08/21";4,777
"2015/08/24";4,733
"2015/08/25";4,731
"2015/08/26";4,735
"2015/08/27";4,731
"2015/08/28";4,723
"2015/08/31";4,715
"2015/09/01";4,699
"2015/09/02";4,702
"2015/09/03";4,701
"2015/09/04";4,703
"2015/09/07";4,783
"2015/09/08";4,779
"2015/09/09";4,787
"2015/09/10";4,767
"2015/09/11";4,762
"2015/09/14";4,762
"2015/09/15";4,783
"2015/09/16";4,786
"2015/09/17";4,797
"2015/09/18";4,734
"2015/09/21";4,688
"2015/09/22";4,692
"2015/09/23";4,702
"2015/09/24";4,73
"2015/09/25";4,724
"2015/09/28";4,941
"2015/09/29";4,956
"2015/09/30";4,977
"2015/10/01";4,981
"2015/10/02";4,979
"2015/10/05";4,985
"2015/10/06";5,056
"2015/10/07";5,072
"2015/10/08";5,072
"2015/10/09";5,092
"2015/10/13";5,093
"2015/10/14";5,102
"2015/10/15";5,124
"2015/10/16";5,155
"2015/10/19";5,23
"2015/10/20";5,324
"2015/10/21";5,347
"2015/10/22";5,351
"2015/10/23";5,353
"2015/10/26";5,359
"2015/10/27";5,373
"2015/10/28";5,364
"2015/10/29";5,369
"2015/10/30";5,387
"2015/11/03";5,662
"2015/11/04";5,665
"2015/11/05";5,725
"2015/11/06";5,878
"2015/11/09";5,852
"2015/11/10";5,768
"2015/11/11";5,759
"2015/11/12";5,789
"2015/11/13";5,804
"2015/11/17";5,799
"2015/11/18";5,811
"2015/11/19";5,819
"2015/11/20";5,885
"2015/11/23";5,897
"2015/11/24";5,921
"2015/11/25";5,942
"2015/11/26";5,942
"2015/11/27";5,957
"2015/11/30";5,842
"2015/12/01";5,827
"2015/12/02";5,837
"2015/12/03";5,911
"2015/12/04";5,953
"2015/12/07";6,086
"2015/12/09";6,118
"2015/12/10";6,065
"2015/12/11";6,076
"2015/12/14";6,181
"2015/12/15";6,165
"2015/12/16";6,171
"2015/12/17";6,16
"2015/12/18";6,154
"2015/12/21";6,069
"2015/12/22";6,052
"2015/12/23";6,047
"2015/12/24";6,039
"2015/12/28";6,049
"2015/12/29";6,05
"2015/12/30";6,068
"2016/01/04";6,11
"2016/01/05";6,152
"2016/01/06";6,182
"2016/01/07";6,248
"2016/01/08";6,224
"2016/01/12";6,224
"2016/01/13";6,224
"2016/01/14";6,218
"2016/01/15";6,224
"2016/01/18";6,234
"2016/01/19";6,264
"2016/01/20";6,28
"2016/01/21";6,309
"2016/01/22";6,275
"2016/01/25";6,314
"2016/01/26";6,36
"2016/01/27";6,372
"2016/01/28";6,344
"2016/01/29";6,317
"2016/02/01";6,33
"2016/02/02";6,341
"2016/02/03";6,339
"2016/02/04";6,331
"2016/02/05";6,352
"2016/02/08";6,552
"2016/02/09";6,556
"2016/02/10";6,66
"2016/02/11";6,681
"2016/02/12";6,628
"2016/02/15";6,617
"2016/02/16";6,649
"2016/02/17";6,642
"2016/02/18";6,628
"2016/02/19";6,658
"2016/02/22";6,569
"2016/02/23";6,573
"2016/02/24";6,578
"2016/02/25";6,56
"2016/02/26";6,569
"2016/02/29";6,579
"2016/03/01";6,59
"2016/03/02";6,585
"2016/03/03";6,581
"2016/03/04";6,574
"2016/03/07";6,558
"2016/03/08";6,552
"2016/03/09";6,542
"2016/03/10";6,563
"2016/03/11";6,562
"2016/03/14";6,577
"2016/03/15";6,605
"2016/03/16";6,621
"2016/03/17";6,616
"2016/03/18";6,611
"2016/03/22";6,648
"2016/03/23";6,683
"2016/03/28";6,726
"2016/03/29";6,723
"2016/03/30";6,723
"2016/03/31";6,723
"2016/04/01";6,728
"2016/04/04";6,754
"2016/04/05";6,758
"2016/04/06";6,835
"2016/04/07";6,864
"2016/04/08";6,863
"2016/04/11";6,872
"2016/04/12";6,894
"2016/04/13";6,904
"2016/04/14";6,913
"2016/04/15";6,926
"2016/04/18";6,929
"2016/04/19";6,936
"2016/04/20";6,923
"2016/04/21";6,926
"2016/04/22";6,923
"2016/04/25";6,919
"2016/04/26";6,926
"2016/04/27";6,944
"2016/04/28";6,968
"2016/04/29";6,983
"2016/05/02";7,186
"2016/05/03";7,216
"2016/05/04";7,232
"2016/05/05";7,266
"2016/05/06";7,231
"2016/05/10";7,206
"2016/05/11";7,213
"2016/05/12";7,234
"2016/05/13";7,227
"2016/05/16";7,266
"2016/05/17";7,282
"2016/05/18";7,309
"2016/05/19";7,326
"2016/05/20";7,34
"2016/05/23";7,368
"2016/05/24";7,382
"2016/05/25";7,379
"2016/05/26";7,393
"2016/05/27";7,407
"2016/05/31";7,379
"2016/06/01";7,363
"2016/06/02";7,366
"2016/06/03";7,35
"2016/06/07";7,421
"2016/06/08";7,42
"2016/06/09";7,43
"2016/06/10";7,454
"2016/06/13";7,464
"2016/06/14";7,47
"2016/06/15";7,48
"2016/06/16";7,481
"2016/06/17";7,489
"2016/06/20";7,498
"2016/06/21";7,51
"2016/06/22";7,523
"2016/06/23";7,558
"2016/06/24";7,564
"2016/06/27";7,548
"2016/06/28";7,571
"2016/06/29";7,545
"2016/06/30";7,539
"2016/07/01";7,55
"2016/07/05";7,566
"2016/07/06";7,66
"2016/07/07";7,673
"2016/07/08";7,696
"2016/07/11";7,696
"2016/07/12";7,694
"2016/07/13";7,714
"2016/07/14";7,73
"2016/07/15";7,735
"2016/07/18";7,727
"2016/07/19";7,724
"2016/07/21";7,705
"2016/07/22";7,677
"2016/07/25";7,694
"2016/07/26";7,711
"2016/07/27";7,694
"2016/07/28";7,694
"2016/07/29";7,691
"2016/08/01";7,761
"2016/08/02";7,775
"2016/08/03";7,766
"2016/08/04";7,77
"2016/08/05";7,778
"2016/08/08";7,823
"2016/08/09";7,834
"2016/08/10";7,834
"2016/08/11";7,818
"2016/08/12";7,81
"2016/08/16";7,807
"2016/08/17";7,83
"2016/08/18";7,812
"2016/08/19";7,83
"2016/08/22";7,838
"2016/08/23";7,835
"2016/08/24";7,846
"2016/08/25";7,85
"2016/08/26";7,843
"2016/08/29";7,846
"2016/08/30";7,823
"2016/08/31";7,824
"2016/09/01";7,754
"2016/09/02";7,749
"2016/09/05";7,744
"2016/09/06";7,685
"2016/09/07";7,696
"2016/09/08";7,705
"2016/09/09";7,72
"2016/09/12";7,749
"2016/09/13";7,738
"2016/09/14";7,738
"2016/09/15";7,737
"2016/09/16";7,722
"2016/09/19";7,72
"2016/09/20";7,716
"2016/09/21";7,706
"2016/09/22";7,7
"2016/09/23";7,706
"2016/09/26";7,714
"2016/09/27";7,721
"2016/09/28";7,721
"2016/09/29";7,727
"2016/09/30";7,736
"2016/10/03";7,737
"2016/10/04";7,724
"2016/10/05";7,726
"2016/10/06";7,721
"2016/10/07";7,713
"2016/10/10";7,707
"2016/10/11";7,694
"2016/10/12";7,685
"2016/10/13";7,687
"2016/10/14";7,685
"2016/10/18";7,684
"2016/10/19";7,689
"2016/10/20";7,687
"2016/10/21";7,684
"2016/10/24";7,684
"2016/10/25";7,692
"2016/10/26";7,7
"2016/10/27";7,705
"2016/10/28";7,704
"2016/10/31";7,705
"2016/11/01";7,705
"2016/11/02";7,699
"2016/11/03";7,684
"2016/11/04";7,68
"2016/11/08";7,652
"2016/11/09";7,652
"2016/11/10";7,673
"2016/11/11";7,709
"2016/11/15";7,69
"2016/11/16";7,705
"2016/11/17";7,705
"2016/11/18";7,704
"2016/11/21";7,711
"2016/11/22";7,711
"2016/11/23";7,716
"2016/11/24";7,714
"2016/11/25";7,698
"2016/11/28";7,63
"2016/11/29";7,634
"2016/11/30";7,632
"2016/12/01";7,642
"2016/12/02";7,637
"2016/12/05";7,634
"2016/12/06";7,632
"2016/12/07";7,621
"2016/12/09";7,61
"2016/12/12";7,615
"2016/12/13";7,607
"2016/12/14";7,605
"2016/12/15";7,614
"2016/12/16";7,619
"2016/12/19";7,224
"2016/12/20";7,223
"2016/12/21";7,219
"2016/12/22";7,223
"2016/12/23";7,218
"2016/12/26";7,228
"2016/12/27";7,223
"2016/12/28";7,222
"2016/12/29";7,204
"2017/01/02";7,203
"2017/01/03";7,204
"2017/01/04";7,129
"2017/01/05";7,124
"2017/01/06";7,129
"2017/01/10";7,161
"2017/01/11";7,149
"2017/01/12";7,104
"2017/01/13";7,1
"2017/01/16";7,112
"2017/01/17";7,115
"2017/01/18";7,124
"2017/01/19";7,114
"2017/01/20";7,102
"2017/01/23";7,087
"2017/01/24";7,078
"2017/01/25";7,049
"2017/01/26";7,057
"2017/01/27";7,022
"2017/01/30";7,275
"2017/01/31";7,332
"2017/02/01";7,321
"2017/02/02";7,301
"2017/02/03";7,304
"2017/02/06";7,342
"2017/02/07";7,305
"2017/02/08";7,311
"2017/02/09";7,317
"2017/02/10";7,322
"2017/02/13";7,356
"2017/02/14";7,364
"2017/02/15";7,384
"2017/02/16";7,347
"2017/02/17";7,338
"2017/02/20";7,331
"2017/02/21";7,316
"2017/02/22";7,215
"2017/02/23";7,215
"2017/02/24";7,234
"2017/02/27";7,019
"2017/02/28";7,03
"2017/03/01";7,021
"2017/03/02";7,005
"2017/03/03";6,987
"2017/03/06";6,913
"2017/03/07";6,904
"2017/03/08";6,893
"2017/03/09";6,885
"2017/03/10";6,872
"2017/03/13";6,856
"2017/03/14";6,854
"2017/03/15";6,786
"2017/03/16";6,733
"2017/03/17";6,689
"2017/03/21";6,678
"2017/03/22";6,647
"2017/03/23";6,585
"2017/03/24";6,567
"2017/03/27";6,66
"2017/03/28";6,655
"2017/03/29";6,649
"2017/03/30";6,645
"2017/03/31";6,638
"2017/04/03";6,623
"2017/04/04";6,611
"2017/04/05";6,585
"2017/04/06";6,539
"2017/04/07";6,574
"2017/04/10";6,556
"2017/04/11";6,564
"2017/04/12";6,558
"2017/04/17";6,53
"2017/04/18";6,409
"2017/04/19";6,326
"2017/04/20";6,345
"2017/04/21";6,309
"2017/04/24";6,27
"2017/04/25";6,287
"2017/04/26";6,303
"2017/04/27";6,278
"2017/04/28";6,197
"2017/05/02";6,03
"2017/05/03";6,032
"2017/05/04";6,032
"2017/05/05";5,999
"2017/05/08";5,995
"2017/05/09";5,992
"2017/05/10";5,961
"2017/05/11";5,959
"2017/05/12";5,966
"2017/05/15";5,966
"2017/05/16";6,006
"2017/05/17";5,985
"2017/05/18";5,979
"2017/05/19";5,978
"2017/05/22";5,926
"2017/05/23";5,889
"2017/05/24";5,874
"2017/05/25";5,843
"2017/05/26";5,862
"2017/05/30";5,889
"2017/05/31";5,87
"2017/06/01";5,866
"2017/06/02";5,862
"2017/06/05";5,845
"2017/06/06";5,776
"2017/06/07";5,747
"2017/06/08";5,725
"2017/06/09";5,698
"2017/06/12";5,674
"2017/06/13";5,651
"2017/06/14";5,634
"2017/06/15";5,64
"2017/06/16";5,626
"2017/06/20";5,649
"2017/06/21";5,63
"2017/06/22";5,618
"2017/06/23";5,599
"2017/06/27";5,567
"2017/06/28";5,55
"2017/06/29";5,502
"2017/06/30";5,504
"2017/07/04";5,382
"2017/07/05";5,363
"2017/07/06";5,375
"2017/07/07";5,399
"2017/07/10";5,369
"2017/07/11";5,38
"2017/07/12";5,38
"2017/07/13";5,351
"2017/07/14";5,345
"2017/07/17";5,322
"2017/07/18";5,335
"2017/07/19";5,345
"2017/07/21";5,346
"2017/07/24";5,33
"2017/07/25";5,314
"2017/07/26";5,322
"2017/07/27";5,33
"2017/07/28";5,353
"2017/07/31";5,345
"2017/08/01";5,324
"2017/08/02";5,324
"2017/08/03";5,305
"2017/08/04";5,299
"2017/08/08";5,208
"2017/08/09";5,239
"2017/08/10";5,233
"2017/08/11";5,239
"2017/08/14";5,239
"2017/08/15";5,24
"2017/08/16";5,24
"2017/08/17";5,233
"2017/08/18";5,229
"2017/08/22";5,23
"2017/08/23";5,251
"2017/08/24";5,24
"2017/08/25";5,229
"2017/08/28";5,228
"2017/08/29";5,219
"2017/08/30";5,206
"2017/08/31";5,193
"2017/09/01";5,14
"2017/09/04";5,144
"2017/09/05";5,146
"2017/09/06";5,146
"2017/09/07";5,135
"2017/09/08";5,145
"2017/09/11";5,146
"2017/09/12";5,156
"2017/09/13";5,151
"2017/09/14";5,156
"2017/09/15";5,154
"2017/09/18";5,161
"2017/09/19";5,151
"2017/09/20";5,161
"2017/09/21";5,157
"2017/09/22";5,151
"2017/09/25";5,164
"2017/09/26";5,167
"2017/09/27";5,167
"2017/09/28";5,151
"2017/09/29";5,146
"2017/10/02";5,203
"2017/10/03";5,208
"2017/10/04";5,21
"2017/10/05";5,216
"2017/10/06";5,199
"2017/10/09";5,196
"2017/10/10";5,196
"2017/10/11";5,195
"2017/10/12";5,2
"2017/10/13";5,197
"2017/10/17";5,177
"2017/10/18";5,174
"2017/10/19";5,17
"2017/10/20";5,166
"2017/10/23";5,148
"2017/10/24";5,147
"2017/10/25";5,161
"2017/10/26";5,159
"2017/10/27";5,155
"2017/10/30";4,949
"2017/10/31";4,946
"2017/11/01";4,933
"2017/11/02";4,943
"2017/11/03";4,94
"2017/11/07";4,904
"2017/11/08";4,888
"2017/11/09";4,886
"2017/11/10";4,852
"2017/11/14";4,847
"2017/11/15";4,833
"2017/11/16";4,827
"2017/11/17";4,825
"2017/11/20";4,804
"2017/11/21";4,77
"2017/11/22";4,746
"2017/11/23";4,725
"2017/11/24";4,698
"2017/11/27";4,589
"2017/11/28";4,593
"2017/11/29";4,588
"2017/11/30";4,562
"2017/12/01";4,543
"2017/12/04";4,535
"2017/12/05";4,518
"2017/12/06";4,592
"2017/12/07";4,601
"2017/12/11";4,595
"2017/12/12";4,631
"2017/12/13";4,638
"2017/12/14";4,632
"2017/12/15";4,647
"2017/12/18";4,651
"2017/12/19";4,641
"2017/12/20";4,657
"2017/12/21";4,65
"2017/12/22";4,659
"2017/12/26";4,66
"2017/12/27";4,656
"2017/12/28";4,655
"2018/01/02";4,65
"2018/01/03";4,585
"2018/01/04";4,55
"2018/01/05";4,537
"2018/01/09";4,538
"2018/01/10";4,536
"2018/01/11";4,535
"2018/01/12";4,53
"2018/01/15";4,564
"2018/01/16";4,574
"2018/01/17";4,589
"2018/01/18";4,571
"2018/01/19";4,573
"2018/01/22";4,568
"2018/01/23";4,574
"2018/01/24";4,554
"2018/01/25";4,542
"2018/01/26";4,537
"2018/01/29";4,521
"2018/01/30";4,477
"2018/01/31";4,477
"2018/02/01";4,457
"2018/02/02";4,458
"2018/02/05";4,473
"2018/02/06";4,472
"2018/02/07";4,464
"2018/02/08";4,461
"2018/02/09";4,461
"2018/02/12";4,461
"2018/02/13";4,461
"2018/02/14";4,461
"2018/02/15";4,458
"2018/02/16";4,453
"2018/02/19";4,449
"2018/02/20";4,445
"2018/02/21";4,431
"2018/02/22";4,424
"2018/02/23";4,421
"2018/02/26";4,415
"2018/02/27";4,416
"2018/02/28";4,413
"2018/03/01";4,41
"2018/03/02";4,411
"2018/03/05";4,412
"2018/03/06";4,377
"2018/03/07";4,361
"2018/03/08";4,348
"2018/03/09";4,337
"2018/03/12";4,308
"2018/03/13";4,308
"2018/03/14";4,311
"2018/03/15";4,328
"2018/03/16";4,31
"2018/03/20";4,321
"2018/03/21";4,382
"2018/03/22";4,378
"2018/03/23";4,377
"2018/03/26";4,372
"2018/03/27";4,337
"2018/03/28";4,332
"2018/04/02";4,327
"2018/04/03";4,326
"2018/04/04";4,322
"2018/04/05";4,32
"2018/04/06";4,26
"2018/04/09";4,263
"2018/04/10";4,257
"2018/04/11";4,243
"2018/04/12";4,222
"2018/04/13";4,194
"2018/04/16";4,167
"2018/04/17";4,152
"2018/04/18";4,142
"2018/04/19";4,135
"2018/04/20";4,143
"2018/04/23";4,139
"2018/04/24";4,152
"2018/04/25";4,178
"2018/04/26";4,177
"2018/04/27";4,189
"2018/04/30";4,198
"2018/05/02";4,19
"2018/05/03";4,191
"2018/05/04";4,183
"2018/05/07";4,222
"2018/05/08";4,226
"2018/05/09";4,201
"2018/05/10";4,172
"2018/05/11";4,165
"2018/05/15";4,175
"2018/05/16";4,175
"2018/05/17";4,176
"2018/05/18";4,207
"2018/05/21";4,208
"2018/05/22";4,206
"2018/05/23";4,209
"2018/05/24";4,208
"2018/05/25";4,213
"2018/05/28";4,207
"2018/05/29";4,205
"2018/05/30";4,203
"2018/05/31";4,202
"2018/06/01";4,196
"2018/06/05";4,195
"2018/06/06";4,198
"2018/06/07";4,212
"2018/06/08";4,227
"2018/06/12";4,229
"2018/06/13";4,23
"2018/06/14";4,238
"2018/06/15";4,243
"2018/06/18";4,246
"2018/06/19";4,245
"2018/06/20";4,236
"2018/06/21";4,235
"2018/06/22";4,237
"2018/06/25";4,247
"2018/06/26";4,251
"2018/06/27";4,252
"2018/06/28";4,252
"2018/06/29";4,252
"2018/07/03";4,251
"2018/07/04";4,25
"2018/07/05";4,249
"2018/07/06";4,249
"2018/07/09";4,248
"2018/07/10";4,246
"2018/07/11";4,246
"2018/07/12";4,245
"2018/07/13";4,243
"2018/07/16";4,248
"2018/07/17";4,246
"2018/07/18";4,244
"2018/07/19";4,243
"2018/07/23";4,247
"2018/07/24";4,245
"2018/07/25";4,241
"2018/07/26";4,241
"2018/07/27";4,24
"2018/07/30";4,245
"2018/07/31";4,246
"2018/08/01";4,247
"2018/08/02";4,245
"2018/08/03";4,246
"2018/08/06";4,241
"2018/08/08";4,242
"2018/08/09";4,245
"2018/08/10";4,245
"2018/08/13";4,249
"2018/08/14";4,248
"2018/08/15";4,249
"2018/08/16";4,246
"2018/08/17";4,249
"2018/08/21";4,249
"2018/08/22";4,25
"2018/08/23";4,249
"2018/08/24";4,249
"2018/08/27";4,249
"2018/08/28";4,249
"2018/08/29";4,249
"2018/08/30";4,249
"2018/08/31";4,25
"2018/09/03";4,25
"2018/09/04";4,252
"2018/09/05";4,25
"2018/09/06";4,25
"2018/09/07";4,252
"2018/09/10";4,254
"2018/09/11";4,254
"2018/09/12";4,254
"2018/09/13";4,255
"2018/09/14";4,258
"2018/09/17";4,258
"2018/09/18";4,258
"2018/09/19";4,257
"2018/09/20";4,256
"2018/09/21";4,256
"2018/09/24";4,256
"2018/09/25";4,255
"2018/09/26";4,259
"2018/09/27";4,255
"2018/09/28";4,256
"2018/10/01";4,258
"2018/10/02";4,259
"2018/10/03";4,26
"2018/10/04";4,261
"2018/10/05";4,26
"2018/10/08";4,26
"2018/10/09";4,259
"2018/10/10";4,261
"2018/10/11";4,272
"2018/10/12";4,274
"2018/10/16";4,274
"2018/10/17";4,274
"2018/10/18";4,281
"2018/10/19";4,281
"2018/10/22";4,283
"2018/10/23";4,282
"2018/10/24";4,283
"2018/10/25";4,281
"2018/10/26";4,283
"2018/10/29";4,282
"2018/10/30";4,285
"2018/10/31";4,283
"2018/11/01";4,282
"2018/11/02";4,282
"2018/11/06";4,29
"2018/11/07";4,285
"2018/11/08";4,286
"2018/11/09";4,289
"2018/11/13";4,293
"2018/11/14";4,296
"2018/11/15";4,303
"2018/11/16";4,3
"2018/11/19";4,305
"2018/11/20";4,305
"2018/11/21";4,308
"2018/11/22";4,298
"2018/11/23";4,285
"2018/11/26";4,28
"2018/11/27";4,283
"2018/11/28";4,287
"2018/11/29";4,28
"2018/11/30";4,278
"2018/12/03";4,278
"2018/12/04";4,287
"2018/12/05";4,288
"2018/12/06";4,28
"2018/12/07";4,278
"2018/12/10";4,276
"2018/12/11";4,275
"2018/12/12";4,274
"2018/12/13";4,275
"2018/12/14";4,279
"2018/12/17";4,278
"2018/12/18";4,278
"2018/12/19";4,276
"2018/12/20";4,276
"2018/12/21";4,276
"2018/12/24";4,272
"2018/12/26";4,271
"2018/12/27";4,269
"2018/12/28";4,267
"2019/01/02";4,272
"2019/01/03";4,274
"2019/01/04";4,276
"2019/01/08";4,28
"2019/01/09";4,276
"2019/01/10";4,277
"2019/01/11";4,278
"2019/01/14";4,277
"2019/01/15";4,275
"2019/01/16";4,278
"2019/01/17";4,276
"2019/01/18";4,274
"2019/01/21";4,274
"2019/01/22";4,273
"2019/01/23";4,27
"2019/01/24";4,27
"2019/01/25";4,265
"2019/01/28";4,264
"2019/01/29";4,258
"2019/01/30";4,259
"2019/01/31";4,256
"2019/02/01";4,259
"2019/02/04";4,253
"2019/02/05";4,258
"2019/02/06";4,255
"2019/02/07";4,254
"2019/02/08";4,257
"2019/02/11";4,26
"2019/02/12";4,261
"2019/02/13";4,262
"2019/02/14";4,265
"2019/02/15";4,264
"2019/02/18";4,265
"2019/02/19";4,263
"2019/02/20";4,261
"2019/02/21";4,265
"2019/02/22";4,267
"2019/02/25";4,265
"2019/02/26";4,265
"2019/02/27";4,265
"2019/02/28";4,265
"2019/03/01";4,261
"2019/03/04";4,259
"2019/03/05";4,264
"2019/03/06";4,258
"2019/03/07";4,262
"2019/03/08";4,256
"2019/03/11";4,259
"2019/03/12";4,258
"2019/03/13";4,258
"2019/03/14";4,261
"2019/03/15";4,257
"2019/03/18";4,263
"2019/03/19";4,262
"2019/03/20";4,261
"2019/03/21";4,259
"2019/03/22";4,258
"2019/03/26";4,259
"2019/03/27";4,259
"2019/03/28";4,254
"2019/03/29";4,26
"2019/04/01";4,26
"2019/04/02";4,265
"2019/04/03";4,272
"2019/04/04";4,268
"2019/04/05";4,263
"2019/04/08";4,264
"2019/04/09";4,261
"2019/04/10";4,261
"2019/04/11";4,259
"2019/04/12";4,263
"2019/04/15";4,262
"2019/04/16";4,264
"2019/04/17";4,26
"2019/04/22";4,259
"2019/04/23";4,259
"2019/04/24";4,259
"2019/04/25";4,259
"2019/04/26";4,258
"2019/04/29";4,259
"2019/04/30";4,259
"2019/05/02";4,26
"2019/05/03";4,258
"2019/05/06";4,265
"2019/05/07";4,263
"2019/05/08";4,264
"2019/05/09";4,26
"2019/05/10";4,259
"2019/05/13";4,26
"2019/05/14";4,259
"2019/05/15";4,259
"2019/05/16";4,257
"2019/05/17";4,251
"2019/05/20";4,254
"2019/05/21";4,255
"2019/05/22";4,254
"2019/05/23";4,255
"2019/05/24";4,254
"2019/05/27";4,254
"2019/05/28";4,254
"2019/05/29";4,252
"2019/05/30";4,249
"2019/05/31";4,249
"2019/06/04";4,254
"2019/06/05";4,251
"2019/06/06";4,25
"2019/06/07";4,249
"2019/06/10";4,239
"2019/06/11";4,215
"2019/06/12";4,199
"2019/06/13";4,19
"2019/06/14";4,195
"2019/06/17";4,193
"2019/06/18";4,192
"2019/06/19";4,189
"2019/06/20";4,17
"2019/06/21";4,148
"2019/06/25";4,189
"2019/06/26";4,206
"2019/06/27";4,215
"2019/06/28";4,216
"2019/07/02";4,215
"2019/07/03";4,204
"2019/07/04";4,206
"2019/07/05";4,212
"2019/07/08";4,222
"2019/07/09";4,225
"2019/07/10";4,225
"2019/07/11";4,225
"2019/07/12";4,224
"2019/07/15";4,22
"2019/07/16";4,222
"2019/07/17";4,222
"2019/07/18";4,222
"2019/07/19";4,218
"2019/07/22";4,221
"2019/07/23";4,218
"2019/07/24";4,218
"2019/07/25";4,218
"2019/07/26";4,217
"2019/07/29";4,23
"2019/07/30";4,232
"2019/07/31";4,236
"2019/08/01";4,239
"2019/08/02";4,238
"2019/08/05";4,247
"2019/08/06";4,249
"2019/08/08";4,248
"2019/08/09";4,247
"2019/08/12";4,249
"2019/08/13";4,249
"2019/08/14";4,25
"2019/08/15";4,25
"2019/08/16";4,25
"2019/08/20";4,251
"2019/08/21";4,25
"2019/08/22";4,253
"2019/08/23";4,254
"2019/08/26";4,258
"2019/08/27";4,259
"2019/08/28";4,257
"2019/08/29";4,262
"2019/08/30";4,257
"2019/09/02";4,263
"2019/09/03";4,265
"2019/09/04";4,265
"2019/09/05";4,259
"2019/09/06";4,254
"2019/09/09";4,253
"2019/09/10";4,259
"2019/09/11";4,259
"2019/09/12";4,254
"2019/09/13";4,252
"2019/09/16";4,253
"2019/09/17";4,25
"2019/09/18";4,253
"2019/09/19";4,25
"2019/09/20";4,249
"2019/09/23";4,25
"2019/09/24";4,25
"2019/09/25";4,25
"2019/09/26";4,249
"2019/09/27";4,249
"2019/09/30";4,25
"2019/10/01";4,249
"2019/10/02";4,254
"2019/10/03";4,249
"2019/10/04";4,248
"2019/10/07";4,257
"2019/10/08";4,264
"2019/10/09";4,259
"2019/10/10";4,262
"2019/10/11";4,258
"2019/10/15";4,265
"2019/10/16";4,269
"2019/10/17";4,264
"2019/10/18";4,26
"2019/10/21";4,265
"2019/10/22";4,263
"2019/10/23";4,26
"2019/10/24";4,259
"2019/10/25";4,26
"2019/10/28";4,265
"2019/10/29";4,261
"2019/10/30";4,264
"2019/10/31";4,263
"2019/11/01";4,261
"2019/11/05";4,27
"2019/11/06";4,266
"2019/11/07";4,269
"2019/11/08";4,268
"2019/11/12";4,268
"2019/11/13";4,275
"2019/11/14";4,273
"2019/11/15";4,27
"2019/11/18";4,27
"2019/11/19";4,27
"2019/11/20";4,272
"2019/11/21";4,272
"2019/11/22";4,268
"2019/11/25";4,268
"2019/11/26";4,264
"2019/11/27";4,261
"2019/11/28";4,26
"2019/11/29";4,26
"2019/12/02";4,259
"2019/12/03";4,264
"2019/12/04";4,266
"2019/12/05";4,265
"2019/12/06";4,262
"2019/12/09";4,262
"2019/12/10";4,265
"2019/12/11";4,258
"2019/12/12";4,259
"2019/12/13";4,258
"2019/12/16";4,261
"2019/12/17";4,256
"2019/12/18";4,257
"2019/12/19";4,261
"2019/12/20";4,262
"2019/12/23";4,263
"2019/12/24";4,258
"2019/12/26";4,259
"2019/12/27";4,256
"2019/12/30";4,258
"2020/01/02";4,258
"2020/01/03";4,256
"2020/01/07";4,263
"2020/01/08";4,264
"2020/01/09";4,258
"2020/01/10";4,263
"2020/01/13";4,262
"2020/01/14";4,267
"2020/01/15";4,263
"2020/01/16";4,263
"2020/01/17";4,264
"2020/01/20";4,261
"2020/01/21";4,262
"2020/01/22";4,261
"2020/01/23";4,263
"2020/01/24";4,26
"2020/01/27";4,261
"2020/01/28";4,26
"2020/01/29";4,259
"2020/01/30";4,26
"2020/01/31";4,258
"2020/02/03";4,261
"2020/02/04";4,257
"2020/02/05";4,259
"2020/02/06";4,258
"2020/02/07";4,258
"2020/02/10";4,256
"2020/02/11";4,255
"2020/02/12";4,254
"2020/02/13";4,254
"2020/02/14";4,253
"2020/02/17";4,252
"2020/02/18";4,251
"2020/02/19";4,252
"2020/02/20";4,253
"2020/02/21";4,254
"2020/02/24";4,252
"2020/02/25";4,253
"2020/02/26";4,252
"2020/02/27";4,253
"2020/02/28";4,252
"2020/03/02";4,25
"2020/03/03";4,243
"2020/03/04";4,214
"2020/03/05";4,194
"2020/03/06";4,235
"2020/03/09";4,251
"2020/03/10";4,249
"2020/03/11";4,249
"2020/03/12";4,262
"2020/03/13";4,256
"2020/03/16";4,251
"2020/03/17";4,232
"2020/03/18";4,232
"2020/03/19";4,219
"2020/03/20";4,03
"2020/03/24";4,003
"2020/03/25";3,642
"2020/03/26";3,518
"2020/03/27";3,486
"2020/03/30";3,393
"2020/03/31";3,372
"2020/04/01";3,381
"2020/04/02";3,383
"2020/04/03";3,38
"2020/04/06";3,372
"2020/04/07";3,356
"2020/04/08";3,35
"2020/04/13";3,344
"2020/04/14";3,28
"2020/04/15";3,191
"2020/04/16";3,156
"2020/04/17";3,092
"2020/04/20";3,067
"2020/04/21";3,056
"2020/04/22";3,042
"2020/04/23";3,004
"2020/04/24";2,973
"2020/04/27";2,963
"2020/04/28";2,957
"2020/04/29";2,924
"2020/04/30";2,942
"2020/05/04";2,952
"2020/05/05";2,926
"2020/05/06";2,898
"2020/05/07";2,874
"2020/05/08";2,774
"2020/05/11";2,735
"2020/05/12";2,714
"2020/05/13";2,729
"2020/05/14";2,712
"2020/05/15";2,691
"2020/05/18";2,676
"2020/05/19";2,636
"2020/05/20";2,605
"2020/05/21";2,559
"2020/05/22";2,543
"2020/05/26";2,543
"2020/05/27";2,546
"2020/05/28";2,533
"2020/05/29";2,548
"2020/06/01";2,528
"2020/06/02";2,528
"2020/06/03";2,533
"2020/06/04";2,536
"2020/06/05";2,548
"2020/06/08";2,518
"2020/06/09";2,466
"2020/06/10";2,45
"2020/06/11";2,423
"2020/06/12";2,403
"2020/06/16";2,378
"2020/06/17";2,404
"2020/06/18";2,386
"2020/06/19";2,372
"2020/06/23";2,375
"2020/06/24";2,352
"2020/06/25";2,319
"2020/06/26";2,299
"2020/06/30";2,273
"2020/07/01";2,296
"2020/07/02";2,299
"2020/07/03";2,278
"2020/07/06";2,237
"2020/07/07";2,213
"2020/07/08";2,216
"2020/07/09";2,162
"2020/07/10";2,191
"2020/07/13";2,198
"2020/07/14";2,223
"2020/07/15";2,208
"2020/07/16";2,209
"2020/07/17";2,208
"2020/07/21";2,198
"2020/07/22";2,187
"2020/07/23";2,187
"2020/07/24";2,187
"2020/07/27";2,16
"2020/07/28";2,151
"2020/07/29";2,143
"2020/07/30";2,148
"2020/07/31";2,141
"2020/08/03";2,11
"2020/08/04";2,079
"2020/08/05";2,052
"2020/08/06";2,073
"2020/08/10";2,052
"2020/08/11";2,059
"2020/08/12";2,069
"2020/08/13";2,074
"2020/08/14";2,089
"2020/08/18";2,067
"2020/08/19";2,059
"2020/08/20";2,043
"2020/08/21";2,043
"2020/08/24";2,059
"2020/08/25";2,067
"2020/08/26";2,067
"2020/08/27";2,07
"2020/08/28";2,068
"2020/08/31";2,063
"2020/09/01";1,959
"2020/09/02";1,935
"2020/09/03";1,928
"2020/09/04";1,94
"2020/09/07";1,915
"2020/09/08";1,915
"2020/09/09";1,884
"2020/09/10";1,877
"2020/09/11";1,877
"2020/09/14";1,878
"2020/09/15";1,874
"2020/09/16";1,872
"2020/09/17";1,877
"2020/09/18";1,858
"2020/09/21";1,858
"2020/09/22";1,846
"2020/09/23";1,832
"2020/09/24";1,817
"2020/09/25";1,81
"2020/09/28";1,738
"2020/09/29";1,735
"2020/09/30";1,737
"2020/10/01";1,736
"2020/10/02";1,729
"2020/10/05";1,727
"2020/10/06";1,735
"2020/10/07";1,724
"2020/10/08";1,731
"2020/10/09";1,714
"2020/10/13";1,712
"2020/10/14";1,714
"2020/10/15";1,713
"2020/10/16";1,709
"2020/10/19";1,722
"2020/10/20";1,738
"2020/10/21";1,733
"2020/10/22";1,722
"2020/10/23";1,725
"2020/10/26";1,743
"2020/10/27";1,73
"2020/10/28";1,728
"2020/10/29";1,719
"2020/10/30";1,719
"2020/11/03";1,736
"2020/11/04";1,74
"2020/11/05";1,74
"2020/11/06";1,726
"2020/11/09";1,728
"2020/11/10";1,736
"2020/11/11";1,745
"2020/11/12";1,745
"2020/11/13";1,743
"2020/11/17";1,74
"2020/11/18";1,746
"2020/11/19";1,745
"2020/11/20";1,744
"2020/11/23";1,745
"2020/11/24";1,743
"2020/11/25";1,746
"2020/11/26";1,742
"2020/11/27";1,751
"2020/11/30";1,748
"2020/12/01";1,751
"2020/12/02";1,753
"2020/12/03";1,754
"2020/12/04";1,743
"2020/12/07";1,734
"2020/12/09";1,738
"2020/12/10";1,739
"2020/12/11";1,741
"2020/12/14";1,735
"2020/12/15";1,745
"2020/12/16";1,75
"2020/12/17";1,743
"2020/12/18";1,735
"2020/12/21";1,742
"2020/12/22";1,747
"2020/12/23";1,735
"2020/12/24";1,728
"2020/12/28";1,728
"2020/12/29";1,73
"2020/12/30";1,728