"Fecha";"Miles de millones COP"
"2000/01/07";11998,0322451846
"2000/01/14";11890,8372271846
"2000/01/21";11425,3061081846
"2000/01/28";11542,2744881846
"2000/02/04";11416,911976684
"2000/02/11";11104,818517684
"2000/02/18";11052,122862684
"2000/02/25";11508,627918684
"2000/03/03";11673,043233684
"2000/03/10";11233,772866474
"2000/03/17";11282,915196474
"2000/03/24";11344,406023474
"2000/03/31";11751,272662474
"2000/04/07";11728,8664566
"2000/04/14";11464,7141106
"2000/04/21";11573,9869116
"2000/04/28";11901,6414636
"2000/05/05";11936,6575238
"2000/05/12";11323,8665348
"2000/05/19";11602,4541188
"2000/05/26";12073,5280558
"2000/06/02";12400,9675238
"2000/06/09";12252,848871714
"2000/06/16";11991,458011714
"2000/06/23";12154,097967714
"2000/06/30";12723,611209714
"2000/07/07";12814,4783196418
"2000/07/14";12727,0188926418
"2000/07/21";12681,9895376418
"2000/07/28";12919,9819396418
"2000/08/04";12736,970866968
"2000/08/11";12602,720722968
"2000/08/18";12337,173555968
"2000/08/25";12309,827736968
"2000/09/01";12606,055998968
"2000/09/08";12391,4481283538
"2000/09/15";12488,1953273538
"2000/09/22";12401,3345713538
"2000/09/29";12613,6684673538
"2000/10/06";12734,687305092
"2000/10/13";12488,060137682
"2000/10/20";12455,071687712
"2000/10/27";12603,436478532
"2000/11/03";12864,9102275841
"2000/11/10";12824,6484456441
"2000/11/17";12718,7400550341
"2000/11/24";12818,2490941541
"2000/12/01";13746,8195135241
"2000/12/08";14319,6887052995
"2000/12/15";14861,2346619295
"2000/12/22";15933,5534492195
"2000/12/29";16720,7815223295
"2001/01/05";15878,5227626215
"2001/01/12";14772,5769084215
"2001/01/19";14441,9681194115
"2001/01/26";14196,0250683315
"2001/02/02";14229,1586720815
"2001/02/09";13688,561410928
"2001/02/16";13259,610174438
"2001/02/23";13675,904329108
"2001/03/02";13695,406600008
"2001/03/09";13303,894631076
"2001/03/16";13406,855637366
"2001/03/23";13489,602855656
"2001/03/30";13824,367650336
"2001/04/06";13582,416806902
"2001/04/13";13331,068566892
"2001/04/20";13229,252478712
"2001/04/27";13674,854478652
"2001/05/04";13736,713965845
"2001/05/11";13300,283494455
"2001/05/18";13232,664598385
"2001/05/25";13583,285863365
"2001/06/01";13671,006572425
"2001/06/08";13432,327547356
"2001/06/15";13195,893800936
"2001/06/22";13379,714157406
"2001/06/29";14106,570088856
"2001/07/06";14057,133561802
"2001/07/13";13626,383030802
"2001/07/20";13624,981770802
"2001/07/27";13804,962156802
"2001/08/03";13667,682691656
"2001/08/10";13311,612522656
"2001/08/17";13055,559143656
"2001/08/24";13244,987232656
"2001/08/31";13415,217862656
"2001/09/07";13368,383378999
"2001/09/14";13203,213909299
"2001/09/21";13304,564837979
"2001/09/28";13587,654484939
"2001/10/05";13539,52068888
"2001/10/12";12994,17260539
"2001/10/19";13071,30581599
"2001/10/26";13583,57965006
"2001/11/02";13967,21477665
"2001/11/09";13733,19171318
"2001/11/16";14138,79372005
"2001/11/23";14358,7232306
"2001/11/30";14755,73270423
"2001/12/07";15404,795059188
"2001/12/14";15881,414381978
"2001/12/21";17481,534189958
"2001/12/28";18736,950128768
"2002/01/04";17640,319287228
"2002/01/11";16650,446626018
"2002/01/18";15768,608992848
"2002/01/25";15464,907465008
"2002/02/01";15479,387754638
"2002/02/08";15736,210799069
"2002/02/15";15141,538929829
"2002/02/22";15301,405335239
"2002/03/01";16053,394363089
"2002/03/08";15557,696246644
"2002/03/15";15347,415893704
"2002/03/22";15872,805518804
"2002/03/29";15641,206363324
"2002/04/05";15940,54319236
"2002/04/12";15498,73552976
"2002/04/19";15980,43919866
"2002/04/26";16085,61335284
"2002/05/03";16486,97579187
"2002/05/10";16187,087636738
"2002/05/17";15920,514718028
"2002/05/24";15980,546430468
"2002/05/31";16238,972388878
"2002/06/07";16698,753239087
"2002/06/14";16545,286217927
"2002/06/21";16954,675588417
"2002/06/28";17278,960239677
"2002/07/05";17733,247100283
"2002/07/12";17314,643901783
"2002/07/19";16931,448859803
"2002/07/26";17041,173829113
"2002/08/02";17453,268224343
"2002/08/09";17406,333205256
"2002/08/16";17153,280489716
"2002/08/23";17084,170790676
"2002/08/30";17265,513452896
"2002/09/06";17666,06053649
"2002/09/13";17224,2864118
"2002/09/20";17271,17825612
"2002/09/27";17157,72566148
"2002/10/04";17588,19324534
"2002/10/11";17260,71125105
"2002/10/18";17152,83751599
"2002/10/25";17126,48554682
"2002/11/01";17644,18872709
"2002/11/08";17469,886781201
"2002/11/15";17083,864553941
"2002/11/22";17395,666331881
"2002/11/29";17911,901038801
"2002/12/06";18851,484118071
"2002/12/13";19113,147286871
"2002/12/20";20287,559050191
"2002/12/27";21635,640149341
"2003/01/03";20904,1374575
"2003/01/10";20536,34981417
"2003/01/17";19545,27656812
"2003/01/24";19304,37016201
"2003/01/31";19232,10435647
"2003/02/07";18884,3644989009
"2003/02/14";18871,294168621
"2003/02/21";18811,6932585809
"2003/02/28";18805,5025665709
"2003/03/07";18990,322942452
"2003/03/14";18468,017777872
"2003/03/21";18765,434620892
"2003/03/28";18863,329215292
"2003/04/04";18954,417812543
"2003/04/11";18656,033541333
"2003/04/18";18525,397861483
"2003/04/25";18595,192145383
"2003/05/02";19060,04272723
"2003/05/09";18642,2106709
"2003/05/16";18145,06756611
"2003/05/23";18247,12845126
"2003/05/30";18290,89704169
"2003/06/06";18763,7323967
"2003/06/13";18910,41824451
"2003/06/20";19358,10406736
"2003/06/27";19648,3318121
"2003/07/04";19793,14837076
"2003/07/11";19594,75586265
"2003/07/18";19152,67993239
"2003/07/25";19190,66545479
"2003/08/01";19870,48555212
"2003/08/08";19603,364159
"2003/08/15";19303,40542883
"2003/08/22";19406,41336455
"2003/08/29";19458,56612992
"2003/09/05";19774,21020648
"2003/09/12";19282,56093668
"2003/09/19";19560,68706793
"2003/09/26";19688,25493861
"2003/10/03";20370,62299859
"2003/10/10";19970,69920901
"2003/10/17";19707,44224511
"2003/10/24";19983,08965849
"2003/10/31";20047,40724228
"2003/11/07";20727,7448507
"2003/11/14";20195,34249748
"2003/11/21";20630,72854605
"2003/11/28";20992,48998771
"2003/12/05";22285,2130954
"2003/12/12";22702,96861152
"2003/12/19";23835,99241231
"2003/12/26";24918,29936014
"2004/01/02";25024,17840052
"2004/01/09";23815,3369243
"2004/01/16";23211,33471154
"2004/01/23";22695,58962901
"2004/01/30";22474,84463966
"2004/02/06";22520,19637138
"2004/02/13";22427,94094295
"2004/02/20";22215,13303365
"2004/02/27";22049,84907883
"2004/03/05";22171,63351939
"2004/03/12";21304,25011355
"2004/03/19";21755,82545568
"2004/03/26";21573,04658895
"2004/04/02";22520,95937934
"2004/04/09";21886,50263777
"2004/04/16";21824,08600676
"2004/04/23";21438,61589163
"2004/04/30";21398,1652729
"2004/05/07";21865,8845167
"2004/05/14";21301,82379155
"2004/05/21";21435,66316527
"2004/05/28";21391,54070954
"2004/06/04";22164,83682632
"2004/06/11";21740,71997269
"2004/06/18";21942,65229648
"2004/06/25";22295,62163189
"2004/07/02";23035,25865732
"2004/07/09";22750,64603098
"2004/07/16";22288,75706802
"2004/07/23";22260,63817788
"2004/07/30";22145,91660984
"2004/08/06";22199,39067956
"2004/08/13";21662,08501803
"2004/08/20";22189,91827342
"2004/08/27";21935,08346778
"2004/09/03";22433,20118864
"2004/09/10";21706,62212615
"2004/09/17";21635,34988844
"2004/09/24";21830,6781694
"2004/10/01";22606,47675928
"2004/10/08";22180,3331535
"2004/10/15";22132,8944834
"2004/10/22";22192,11027869
"2004/10/29";22578,48014137
"2004/11/05";23215,24928549
"2004/11/12";22828,61057944
"2004/11/19";23417,23046011
"2004/11/26";23765,79306024
"2004/12/03";25463,64536081
"2004/12/10";25876,42286266
"2004/12/17";27100,84659453
"2004/12/24";28294,69987681
"2004/12/31";29113,72355199
"2005/01/07";27436,81347491
"2005/01/14";26458,35309365
"2005/01/21";26155,63974614
"2005/01/28";25788,36026331
"2005/02/04";25963,26634114
"2005/02/11";25374,39721973
"2005/02/18";25116,88736291
"2005/02/25";25367,14408905
"2005/03/04";26129,11285225
"2005/03/11";25498,18255935
"2005/03/18";26020,44417332
"2005/03/25";25587,65750782
"2005/04/01";25876,36911905
"2005/04/08";25301,13901747
"2005/04/15";25122,4309922
"2005/04/22";25342,94202697
"2005/04/29";25633,49321905
"2005/05/06";25634,67792022
"2005/05/13";25182,27025629
"2005/05/20";25482,06644453
"2005/05/27";25405,33040999
"2005/06/03";25720,41148448
"2005/06/10";25724,67948816
"2005/06/17";25888,69573422
"2005/06/24";26165,3521264
"2005/07/01";27474,90141286
"2005/07/08";26854,33755844
"2005/07/15";26212,5404475
"2005/07/22";26304,69809035
"2005/07/29";26136,5782134
"2005/08/05";26678,91145772
"2005/08/12";26184,3551585
"2005/08/19";26647,9019663
"2005/08/26";26119,34985455
"2005/09/02";26954,44577138
"2005/09/09";26394,90623531
"2005/09/16";26271,37822783
"2005/09/23";26578,97188135
"2005/09/30";26284,30457307
"2005/10/07";26784,13495309
"2005/10/14";26846,6873949
"2005/10/21";27386,9241879
"2005/10/28";26870,13273129
"2005/11/04";27469,74781217
"2005/11/11";27188,59668006
"2005/11/18";27330,63289228
"2005/11/25";27803,31503231
"2005/12/02";29901,34252712
"2005/12/09";30017,56874184
"2005/12/16";31445,92919817
"2005/12/23";33679,30770873
"2005/12/30";34292,64784668
"2006/01/06";32324,12815664
"2006/01/13";31162,89854924
"2006/01/20";31139,4879252
"2006/01/27";30639,11765679
"2006/02/03";30624,11890972
"2006/02/10";30103,13666533
"2006/02/17";29675,87881034
"2006/02/24";29841,48402052
"2006/03/03";30563,17426633
"2006/03/10";30039,97996177
"2006/03/17";30067,51716808
"2006/03/24";29976,39688336
"2006/03/31";29945,63152415
"2006/04/07";30656,5060572
"2006/04/14";30568,52929869
"2006/04/21";30278,63926327
"2006/04/28";30190,47697768
"2006/05/05";31235,71915262
"2006/05/12";30176,36313203
"2006/05/19";30792,10904674
"2006/05/26";30701,24992196
"2006/06/02";31333,81491175
"2006/06/09";31815,25319554
"2006/06/16";31950,61277197
"2006/06/23";32630,36531525
"2006/06/30";32966,16508562
"2006/07/07";33428,98209758
"2006/07/14";32745,72331965
"2006/07/21";33114,46557338
"2006/07/28";32678,62517522
"2006/08/04";33589,29301429
"2006/08/11";32993,56397294
"2006/08/18";33476,75495279
"2006/08/25";33236,33963691
"2006/09/01";34010,85026983
"2006/09/08";33340,42499974
"2006/09/15";32757,00211458
"2006/09/22";32805,0611166
"2006/09/29";32567,1355638
"2006/10/06";33404,340673
"2006/10/13";33216,62860507
"2006/10/20";34212,73485475
"2006/10/27";33197,00703845
"2006/11/03";34667,01130047
"2006/11/10";33865,56428536
"2006/11/17";33427,04679032
"2006/11/24";34162,74739012
"2006/12/01";35287,42385054
"2006/12/08";36265,16606141
"2006/12/15";37005,55543284
"2006/12/22";39552,9997261
"2006/12/29";40527,50283482
"2007/01/05";38301,43046928
"2007/01/12";37005,53386179
"2007/01/19";36589,11160803
"2007/01/26";36291,89015517
"2007/02/02";36416,41500563
"2007/02/09";35973,76803013
"2007/02/16";36172,24394921
"2007/02/23";35554,18167807
"2007/03/02";36023,69128488
"2007/03/09";35314,9288723
"2007/03/16";35169,51909201
"2007/03/23";35088,58592884
"2007/03/30";35358,31706823
"2007/04/06";35602,41186208
"2007/04/13";34993,53478706
"2007/04/20";35236,4920983
"2007/04/27";36101,1196725
"2007/05/04";36721,1246195
"2007/05/11";35239,26422031
"2007/05/18";35189,06918202
"2007/05/25";34856,2037745
"2007/06/01";35806,57069983
"2007/06/08";34933,45222903
"2007/06/15";35422,58714373
"2007/06/22";35972,05585366
"2007/06/29";36165,19728482
"2007/07/06";36136,90990725
"2007/07/13";35630,27953814
"2007/07/20";35952,59761078
"2007/07/27";35749,55161256
"2007/08/03";36340,45776761
"2007/08/10";35633,67363952
"2007/08/17";35481,36033063
"2007/08/24";35324,84540002
"2007/08/31";35509,30717474
"2007/09/07";35888,38724338
"2007/09/14";35830,15166629
"2007/09/21";35998,053977
"2007/09/28";36692,71587847
"2007/10/05";36801,39571233
"2007/10/12";36609,32589881
"2007/10/19";36838,24470728
"2007/10/26";36709,71293098
"2007/11/02";38599,24730762
"2007/11/09";38261,703912
"2007/11/16";38158,52579553
"2007/11/23";37935,15610928
"2007/11/30";38293,66967319
"2007/12/07";40229,44750183
"2007/12/14";41247,67328501
"2007/12/21";43792,77805709
"2007/12/28";45362,27063843
"2008/01/04";43502,89340778
"2008/01/11";42001,72803678
"2008/01/18";41354,46265996
"2008/01/25";40548,77605425
"2008/02/01";40005,68451408
"2008/02/08";39764,41057695
"2008/02/15";39511,84174503
"2008/02/22";39094,18347747
"2008/02/29";38826,57546153
"2008/03/07";39480,34873837
"2008/03/14";38904,80439554
"2008/03/21";38902,27434468
"2008/03/28";38489,43222066
"2008/04/04";39023,32142767
"2008/04/11";38270,61197562
"2008/04/18";38343,64533789
"2008/04/25";38057,34000266
"2008/05/02";38823,04104696
"2008/05/09";38306,46292569
"2008/05/16";38201,39798768
"2008/05/23";37770,72768184
"2008/05/30";37468,81496889
"2008/06/06";38606,18813971
"2008/06/13";38185,51106917
"2008/06/20";38500,09247313
"2008/06/27";39373,60888233
"2008/07/04";40298,61999134
"2008/07/11";39269,8333424
"2008/07/18";38642,81095318
"2008/07/25";38444,58174173
"2008/08/01";40011,49969642
"2008/08/08";39208,20645539
"2008/08/15";39028,08303761
"2008/08/22";38893,76242199
"2008/08/29";39099,08995965
"2008/09/05";39285,34314789
"2008/09/12";38722,56661962
"2008/09/19";38968,6022798
"2008/09/26";38726,29846305
"2008/10/03";39663,47243943
"2008/10/10";39715,38248789
"2008/10/17";39469,86285544
"2008/10/24";39646,42104428
"2008/10/31";40286,53134544
"2008/11/07";41105,64696275
"2008/11/14";41037,30256011
"2008/11/21";42059,71991073
"2008/11/28";41488,1353259
"2008/12/05";43758,9476766
"2008/12/12";44493,00931459
"2008/12/19";46804,51665747
"2008/12/26";49095,53790792
"2009/01/02";48708,76062935
"2009/01/09";46636,3740409
"2009/01/16";45620,86360694
"2009/01/23";44150,91412306
"2009/01/30";43213,75442632
"2009/02/06";43323,45409386
"2009/02/13";43689,97920183
"2009/02/20";44229,9062785
"2009/02/27";43421,03261567
"2009/03/06";43540,82158365
"2009/03/13";42888,24937612
"2009/03/20";42628,48911987
"2009/03/27";42588,32762155
"2009/04/03";43228,72886386
"2009/04/10";43150,55870677
"2009/04/17";41995,12662287
"2009/04/24";42490,44409258
"2009/05/01";42190,03684239
"2009/05/08";42087,63889949
"2009/05/15";41527,78154038
"2009/05/22";41438,37829915
"2009/05/29";41812,44291488
"2009/06/05";42805,46133889
"2009/06/12";42901,14117708
"2009/06/19";43929,50475567
"2009/06/26";43620,54375592
"2009/07/03";43935,87064562
"2009/07/10";43713,34451826
"2009/07/17";42810,32106189
"2009/07/24";42749,1747475
"2009/07/31";42810,847171
"2009/08/07";43632,55562396
"2009/08/14";43504,44302039
"2009/08/21";43473,72161537
"2009/08/28";43408,39519383
"2009/09/04";43229,14843894
"2009/09/11";42676,28583145
"2009/09/18";42046,45975548
"2009/09/25";42000,67923624
"2009/10/02";43135,46405259
"2009/10/09";42784,14540132
"2009/10/16";42848,16324444
"2009/10/23";42860,63541458
"2009/10/30";43565,51185462
"2009/11/06";43793,51206229
"2009/11/13";44724,06117841
"2009/11/20";45902,80157424
"2009/11/27";46062,57882425
"2009/12/04";48114,40862895
"2009/12/11";49148,13263925
"2009/12/18";50383,59740778
"2009/12/25";52014,71328836
"2010/01/01";52756,33023674
"2010/01/08";50126,18324308
"2010/01/15";49431,79066602
"2010/01/22";48337,30350441
"2010/01/29";48348,00342652
"2010/02/05";47967,2737813
"2010/02/12";48520,34127776
"2010/02/19";47924,29752129
"2010/02/26";47681,383582
"2010/03/05";47550,83331047
"2010/03/12";47559,91898088
"2010/03/19";47689,2107078
"2010/03/26";47688,17878205
"2010/04/02";47745,66451526
"2010/04/09";47976,36454207
"2010/04/16";48054,66415302
"2010/04/23";47763,29366569
"2010/04/30";48071,50975547
"2010/05/07";48356,85357827
"2010/05/14";47851,13428259
"2010/05/21";47987,58967064
"2010/05/28";47510,29453717
"2010/06/04";48426,15302867
"2010/06/11";48394,00946706
"2010/06/18";48630,56550635
"2010/06/25";48962,56412145
"2010/07/02";50316,53663002
"2010/07/09";49752,20256611
"2010/07/16";49707,22486741
"2010/07/23";49354,20289699
"2010/07/30";49401,61309868
"2010/08/06";49846,33316618
"2010/08/13";49836,9820033
"2010/08/20";50150,88678444
"2010/08/27";50387,09350634
"2010/09/03";50574,48058785
"2010/09/10";49926,54718934
"2010/09/17";49193,8791061
"2010/09/24";49442,22637025
"2010/10/01";50453,71716239
"2010/10/08";50015,26123197
"2010/10/15";50237,24601522
"2010/10/22";50420,58251135
"2010/10/29";51021,03901147
"2010/11/05";51399,22161307
"2010/11/12";51420,15293712
"2010/11/19";52478,0905595
"2010/11/26";53274,9606021
"2010/12/03";54705,16989984
"2010/12/10";56017,66953427
"2010/12/17";58203,74523157
"2010/12/24";61444,24192676
"2010/12/31";62090,57350198
"2011/01/07";59561,11914719
"2011/01/14";57968,90391745
"2011/01/21";57310,49110581
"2011/01/28";55963,05187742
"2011/02/04";56126,79518008
"2011/02/11";56257,90232557
"2011/02/18";56394,55302604
"2011/02/25";56779,69941576
"2011/03/04";56598,53665651
"2011/03/11";56409,85020494
"2011/03/18";55839,76096079
"2011/03/25";56197,04922855
"2011/04/01";56762,15658618
"2011/04/08";55735,23713313
"2011/04/15";55418,96700454
"2011/04/22";55443,64171104
"2011/04/29";55820,50162176
"2011/05/06";56265,20500144
"2011/05/13";54547,23609719
"2011/05/20";54910,1752566
"2011/05/27";55266,25948565
"2011/06/03";55629,55275089
"2011/06/10";55449,07427086
"2011/06/17";55720,78969485
"2011/06/24";56559,64929614
"2011/07/01";57920,32960312
"2011/07/08";57561,3546492
"2011/07/15";57252,90871989
"2011/07/22";56792,99143913
"2011/07/29";57310,23637218
"2011/08/05";56960,30394977
"2011/08/12";57253,43639498
"2011/08/19";57444,32353144
"2011/08/26";57653,00328879
"2011/09/02";58505,51223283
"2011/09/09";58510,71822036
"2011/09/16";57965,58217076
"2011/09/23";57716,16709799
"2011/09/30";58004,39851154
"2011/10/07";58405,13947114
"2011/10/14";58587,28724738
"2011/10/21";59548,72779813
"2011/10/28";59819,41807558
"2011/11/04";60297,65490149
"2011/11/11";60020,61989341
"2011/11/18";59164,08194543
"2011/11/25";60568,00265699
"2011/12/02";63486,59035712
"2011/12/09";64138,23128792
"2011/12/16";64711,84255248
"2011/12/23";67516,97470342
"2011/12/30";68792,66302669
"2012/01/06";65530,85203719
"2012/01/13";63560,62300583
"2012/01/20";61970,73458743
"2012/01/27";61868,31858968
"2012/02/03";61078,80852692
"2012/02/10";60707,16716587
"2012/02/17";60424,14960585
"2012/02/24";60504,0369907
"2012/03/02";60901,42788054
"2012/03/09";60420,27408193
"2012/03/16";60460,95114458
"2012/03/23";59830,82430352
"2012/03/30";60245,84812526
"2012/04/06";60722,07423426
"2012/04/13";59608,42869811
"2012/04/20";59554,4090021
"2012/04/27";60717,54811441
"2012/05/04";60383,24849871
"2012/05/11";59783,45911907
"2012/05/18";59480,1621002
"2012/05/25";59282,54272339
"2012/06/01";60178,60073074
"2012/06/08";60338,52734432
"2012/06/15";60087,67687561
"2012/06/22";61606,56281306
"2012/06/29";61894,98308791
"2012/07/06";62502,33323027
"2012/07/13";61452,32616503
"2012/07/20";61833,92862217
"2012/07/27";61813,54269082
"2012/08/03";61298,5675656
"2012/08/10";61352,0467311
"2012/08/17";61844,74433869
"2012/08/24";61475,0803546
"2012/08/31";61446,78874804
"2012/09/07";62051,41655757
"2012/09/14";61396,77790998
"2012/09/21";60972,1587113
"2012/09/28";61228,77601951
"2012/10/05";61095,1927389
"2012/10/12";60720,14954743
"2012/10/19";61806,43684035
"2012/10/26";62729,98620403
"2012/11/02";62835,20411525
"2012/11/09";63215,11701019
"2012/11/16";62980,85856195
"2012/11/23";64729,96413586
"2012/11/30";65458,04907851
"2012/12/07";66817,28172964
"2012/12/14";67395,71579242
"2012/12/21";74015,48453022
"2012/12/28";73233,97825915
"2013/01/04";70692,38306592
"2013/01/11";68342,35939282
"2013/01/18";66980,7935244
"2013/01/25";66486,35746583
"2013/02/01";66940,27803741
"2013/02/08";66802,72617832
"2013/02/15";66463,44455952
"2013/02/22";66944,06565684
"2013/03/01";66497,78741937
"2013/03/08";66907,49682572
"2013/03/15";65990,00424815
"2013/03/22";67880,39482746
"2013/03/29";67890,17485502
"2013/04/05";67027,17811882
"2013/04/12";66676,53128985
"2013/04/19";66559,13259642
"2013/04/26";68102,1346598
"2013/05/03";67823,79151862
"2013/05/10";67111,77098342
"2013/05/17";66728,16433695
"2013/05/24";66285,24114364
"2013/05/31";67251,51040386
"2013/06/07";67976,17052105
"2013/06/14";68179,18359137
"2013/06/21";71148,3588672
"2013/06/28";72099,05955933
"2013/07/05";72921,18685458
"2013/07/12";71901,84050189
"2013/07/19";71569,13693689
"2013/07/26";72019,46923937
"2013/08/02";71912,25881384
"2013/08/09";72151,16709169
"2013/08/16";71965,45942989
"2013/08/23";72574,62701703
"2013/08/30";72425,98835161
"2013/09/06";72879,46214813
"2013/09/13";71054,30605002
"2013/09/20";72095,17556413
"2013/09/27";72167,68220623
"2013/10/04";72016,39563144
"2013/10/11";71727,08595123
"2013/10/18";71662,71498726
"2013/10/25";72455,89484746
"2013/11/01";73387,57165382
"2013/11/08";73625,92991942
"2013/11/15";73635,92033854
"2013/11/22";76740,20392107
"2013/11/29";76785,34742709
"2013/12/06";79636,05414735
"2013/12/13";79596,73007416
"2013/12/20";82632,881047
"2013/12/27";85575,02856921
"2014/01/03";83788,54061427
"2014/01/10";81470,82383551
"2014/01/17";79603,58921115
"2014/01/24";79041,99215724
"2014/01/31";78985,05449701
"2014/02/07";79478,24968279
"2014/02/14";79282,51292185
"2014/02/21";81069,82943312
"2014/02/28";79944,88981167
"2014/03/07";81205,16263122
"2014/03/14";80375,38276058
"2014/03/21";79979,05269454
"2014/03/28";80633,21328013
"2014/04/04";79920,68583947
"2014/04/11";79481,40884296
"2014/04/18";79434,68494558
"2014/04/25";78994,6749482
"2014/05/02";80080,18594605
"2014/05/09";79691,18584898
"2014/05/16";78824,49124773
"2014/05/23";78550,58897462
"2014/05/30";78669,02883651
"2014/06/06";80483,98131491
"2014/06/13";78901,75643336
"2014/06/20";81493,86529152
"2014/06/27";81882,55067709
"2014/07/04";81752,67255201
"2014/07/11";81399,06523163
"2014/07/18";80668,7261225
"2014/07/25";80974,58482368
"2014/08/01";81436,89707119
"2014/08/08";82132,35666717
"2014/08/15";80725,33263375
"2014/08/22";82526,09198906
"2014/08/29";81408,74929358
"2014/09/05";82468,65693432
"2014/09/12";81339,00631226
"2014/09/19";81490,64178701
"2014/09/26";81692,02217308
"2014/10/03";81409,9362423
"2014/10/10";81141,81094753
"2014/10/17";81576,37813183
"2014/10/24";82569,98158804
"2014/10/31";82215,36528312
"2014/11/07";83294,61604669
"2014/11/14";82281,89191128
"2014/11/21";86054,63012467
"2014/11/28";85763,7508914
"2014/12/05";87590,04750205
"2014/12/12";88778,56806238
"2014/12/19";91271,71696004
"2014/12/26";95463,1784356
"2015/01/02";93606,01301211
"2015/01/09";91217,61473514
"2015/01/16";90164,69775042
"2015/01/23";88612,73523041
"2015/01/30";88346,14380868
"2015/02/06";88376,01031371
"2015/02/13";87761,00500707
"2015/02/20";88657,21925558
"2015/02/27";86757,76298309
"2015/03/06";89172,96684215
"2015/03/13";87477,07466516
"2015/03/20";88124,42842122
"2015/03/27";88072,70197866
"2015/04/03";87941,36865595
"2015/04/10";86528,65372399
"2015/04/17";86054,35320893
"2015/04/24";85504,00420015
"2015/05/01";85902,90615452
"2015/05/08";86997,13826518
"2015/05/15";85164,98289522
"2015/05/22";86388,47698707
"2015/05/29";85532,21762118
"2015/06/05";87048,47039965
"2015/06/12";86895,32172128
"2015/06/19";86660,47428204
"2015/06/26";90428,83224566
"2015/07/03";90140,59133418
"2015/07/10";89386,61859197
"2015/07/17";89377,803174
"2015/07/24";90585,15838956
"2015/07/31";89404,34524491
"2015/08/07";90748,41861832
"2015/08/14";89913,44214952
"2015/08/21";91517,45113595
"2015/08/28";91498,27234121
"2015/09/04";90653,35094313
"2015/09/11";90156,35799115
"2015/09/18";89429,44015312
"2015/09/25";90667,60194895
"2015/10/02";90860,03035292
"2015/10/09";91317,0553992
"2015/10/16";91206,63606473
"2015/10/23";91586,24659178
"2015/10/30";91696,38517683
"2015/11/06";91830,49046593
"2015/11/13";91541,15425376
"2015/11/20";95258,24500727
"2015/11/27";96663,49448917
"2015/12/04";95326,5151274
"2015/12/11";96984,72516479
"2015/12/18";99138,02518142
"2015/12/25";103517,11315431
"2016/01/01";103369,3192453
"2016/01/08";99993,32681799
"2016/01/15";97759,88259387
"2016/01/22";98408,856599
"2016/01/29";95752,94315329
"2016/02/05";96268,97269199
"2016/02/12";95753,63172665
"2016/02/19";97034,48049648
"2016/02/26";96837,8235934
"2016/03/04";96260,95722755
"2016/03/11";96203,60649913
"2016/03/18";95962,9256787
"2016/03/25";97566,99758168
"2016/04/01";96155,88016038
"2016/04/08";96429,69524677
"2016/04/15";94033,16572112
"2016/04/22";93911,68194318
"2016/04/29";93588,06168656
"2016/05/06";95628,75453302
"2016/05/13";90794,28733045
"2016/05/20";90086,7780889
"2016/05/27";91080,87470229
"2016/06/03";90860,33209627
"2016/06/10";90612,69207041
"2016/06/17";89889,00337151
"2016/06/24";93482,69894628
"2016/07/01";92154,17419459
"2016/07/08";93838,02147073
"2016/07/15";92312,61474394
"2016/07/22";93539,17179823
"2016/07/29";92865,91854902
"2016/08/05";92794,95894431
"2016/08/12";91282,66449144
"2016/08/19";91158,82804579
"2016/08/26";92973,15498827
"2016/09/02";92855,9129236
"2016/09/09";91198,14963796
"2016/09/16";89340,07770517
"2016/09/23";90642,73874612
"2016/09/30";89592,49045524
"2016/10/07";91501,13696632
"2016/10/14";89375,1318528
"2016/10/21";92181,5184696
"2016/10/28";92606,55567566
"2016/11/04";91951,62109924
"2016/11/11";92201,166607
"2016/11/18";92045,6039941
"2016/11/25";95205,63004258
"2016/12/02";95333,10179621
"2016/12/09";97344,59163872
"2016/12/16";97439,3909158
"2016/12/23";101507,98839668
"2016/12/30";102042,83288059
"2017/01/06";98504,76963602
"2017/01/13";96712,91038281
"2017/01/20";97105,34712394
"2017/01/27";95069,78825684
"2017/02/03";93767,19165825
"2017/02/10";93775,89018667
"2017/02/17";95890,311175
"2017/02/24";96508,39182957
"2017/03/03";95186,44879972
"2017/03/10";94540,48507787
"2017/03/17";93756,5857422
"2017/03/24";95151,62291758
"2017/03/31";93478,90210521
"2017/04/07";93566,20935666
"2017/04/14";92761,77007497
"2017/04/21";93053,8303939
"2017/04/28";91556,36897375
"2017/05/05";91483,50398039
"2017/05/12";90451,72124481
"2017/05/19";89654,56997025
"2017/05/26";91240,81921307
"2017/06/02";91224,40057272
"2017/06/09";91599,44356596
"2017/06/16";90736,28463824
"2017/06/23";94671,08566497
"2017/06/30";93055,39154841
"2017/07/07";93660,98998133
"2017/07/14";92601,67968351
"2017/07/21";94716,38799269
"2017/07/28";94466,79563117
"2017/08/04";93416,68052928
"2017/08/11";93359,15508857
"2017/08/18";92623,99853876
"2017/08/25";93385,19430627
"2017/09/01";93627,84845573
"2017/09/08";93830,72583808
"2017/09/15";92808,03295112
"2017/09/22";94044,53139555
"2017/09/29";93306,61209465
"2017/10/06";93970,38345145
"2017/10/13";92778,65730149
"2017/10/20";93193,72610446
"2017/10/27";94845,1934298
"2017/11/03";94986,86892376
"2017/11/10";95247,69858148
"2017/11/17";95065,68444749
"2017/11/24";99394,03307302
"2017/12/01";98064,98117345
"2017/12/08";101422,94770049
"2017/12/15";103450,34567856
"2017/12/22";108297,60700217
"2017/12/29";108538,74256231
"2018/01/05";104785,65349414
"2018/01/12";103078,149911918
"2018/01/19";100394,93208658
"2018/01/26";101447,16684779
"2018/02/02";99628,6471531
"2018/02/09";100956,29656595
"2018/02/16";101638,34900418
"2018/02/23";103020,32890456
"2018/03/02";100742,69234333
"2018/03/09";101266,28294667
"2018/03/16";100705,02166782
"2018/03/23";103337,12680928
"2018/03/30";100115,3953571
"2018/04/06";100051,42347004
"2018/04/13";97187,00618724
"2018/04/20";98297,7943031
"2018/04/27";98209,33525323
"2018/05/04";99201,90996053
"2018/05/11";97873,43908881
"2018/05/18";97659,79085105
"2018/05/25";98910,85193447
"2018/06/01";96961,6334187
"2018/06/08";98294,87432151
"2018/06/15";97221,77351258
"2018/06/22";100325,82359297
"2018/06/29";98841,16190257
"2018/07/06";99354,98896032
"2018/07/13";98909,98421539
"2018/07/20";99788,83585975
"2018/07/27";101095,95942058
"2018/08/03";100184,60553383
"2018/08/10";100554,08869778
"2018/08/17";99808,3492795
"2018/08/24";101350,21724276
"2018/08/31";100564,39930517
"2018/09/07";102483,34050228
"2018/09/14";99973,92921153
"2018/09/21";101350,33123921
"2018/09/28";100191,52351163
"2018/10/05";101403,50468694
"2018/10/12";99831,74436422
"2018/10/19";100567,7920221
"2018/10/26";102505,86732957
"2018/11/02";101775,12921084
"2018/11/09";103734,3490837
"2018/11/16";102789,72644208
"2018/11/23";107833,04386233
"2018/11/30";105703,6216571
"2018/12/07";109318,18001556
"2018/12/14";110236,36087034
"2018/12/21";115232,89994387
"2018/12/28";116395,81857922
"2019/01/04";114368,4811828
"2019/01/11";112516,68780159
"2019/01/18";109591,04758977
"2019/01/25";108272,55916758
"2019/02/01";107764,55071238
"2019/02/08";108774,92614163
"2019/02/15";109373,10705115
"2019/02/22";111058,6598215
"2019/03/01";108341,49961915
"2019/03/08";108563,79414687
"2019/03/15";108010,13223333
"2019/03/22";108451,61626531
"2019/03/29";108964,86678113
"2019/04/05";109163,17515326
"2019/04/12";108466,52192826
"2019/04/19";108107,5740048
"2019/04/26";108820,77222983
"2019/05/03";109365,07339335
"2019/05/10";108047,86662043
"2019/05/17";106454,52982932
"2019/05/24";108481,60710882
"2019/05/31";107530,57675152
"2019/06/07";109108,39244533
"2019/06/14";107460,18628505
"2019/06/21";110658,43880239
"2019/06/28";110946,98413843
"2019/07/05";111566,8766685
"2019/07/12";109841,65912135
"2019/07/19";109082,96563884
"2019/07/26";112269,18981018
"2019/08/02";112086,80113445
"2019/08/09";113787,6884748
"2019/08/16";111581,68377213
"2019/08/23";115048,24044848
"2019/08/30";113852,65153352
"2019/09/06";114174,50510347
"2019/09/13";112345,49164329
"2019/09/20";113478,11152672
"2019/09/27";114045,30796416
"2019/10/04";112931,10276296
"2019/10/11";113512,04192467
"2019/10/18";113708,15128901
"2019/10/25";115700,17072187
"2019/11/01";114869,03489106
"2019/11/08";116194,9744582
"2019/11/15";114877,46047133
"2019/11/22";119524,10693453
"2019/11/29";120837,23646248
"2019/12/06";122029,32197426
"2019/12/13";121835,16834631
"2019/12/20";125380,59046022
"2019/12/27";128938,70952899
"2020/01/03";127881,57369874
"2020/01/10";125878,58074714
"2020/01/17";121905,55723995
"2020/01/24";122287,09085569
"2020/01/31";119463,60479697
"2020/02/07";120445,17278492
"2020/02/14";122176,14652703
"2020/02/21";122955,89409443
"2020/02/28";120475,00469307
"2020/03/06";121929,09237222
"2020/03/13";127683,13088419
"2020/03/20";135010,68273087
"2020/03/27";137992,07591791
"2020/04/03";139428,73516689
"2020/04/10";139209,54543205
"2020/04/17";139231,84945301
"2020/04/24";142152,98197873
"2020/05/01";140447,47399284
"2020/05/08";142102,4227331
"2020/05/15";140036,67223602
"2020/05/22";140547,03031132
"2020/05/29";140321,07533103
"2020/06/05";141202,00326819
"2020/06/12";142102,64850507
"2020/06/19";144236,09616966
"2020/06/26";144845,76820395
"2020/07/03";142974,96749749
"2020/07/10";141465,16749977
"2020/07/17";141299,98530714
"2020/07/24";144699,51495525
"2020/07/31";142363,29384448
"2020/08/07";144169,36690718
"2020/08/14";142212,75344613
"2020/08/21";143396,91043883
"2020/08/28";144405,18844855
"2020/09/04";142826,71295343
"2020/09/11";142908,00890491
"2020/09/18";143372,07038388
"2020/09/25";145029,72453573
"2020/10/02";144404,09504819
"2020/10/09";144889,47277655
"2020/10/16";143596,08383874
"2020/10/23";146661,52630372
"2020/10/30";146843,98047444
"2020/11/06";146999,91498052
"2020/11/13";146893,31808617
"2020/11/20";154466,84698514
"2020/11/27";149347,71208365
"2020/12/04";151166,94912197
"2020/12/11";154274,5906627
"2020/12/18";156704,22623125
"2020/12/25";161228,11092974
"2021/01/01";161069,3814107
"2021/01/08";159315,78611424
"2021/01/15";156617,79727402
"2021/01/22";158258,85459936
"2021/01/29";153500,28496648
"2021/02/05";155544,70715493
"2021/02/12";156882,61188357
"2021/02/19";158162,13899673
"2021/02/26";157355,19973933
"2021/03/05";159881,17021999
"2021/03/12";159171,16512508
"2021/03/19";160763,53309396
"2021/03/26";161766,24730972
"2021/04/02";161448,52821384
"2021/04/09";162736,08582234
"2021/04/16";159790,13117544
"2021/04/23";160991,72349928
"2021/04/30";159843,48993898
"2021/05/07";165557,38575226
"2021/05/14";162593,900417
"2021/05/21";162883,04982996
"2021/05/28";165721,31174031
"2021/06/04";164043,17667221
"2021/06/11";163808,32359641
"2021/06/18";164420,86872308
"2021/06/25";167228,87686604
"2021/07/02";167399,86871547
"2021/07/09";169090,59688223
"2021/07/16";167470,19818178
"2021/07/23";170158,46634491
"2021/07/30";167549,03057751
"2021/08/06";170183,92368915
"2021/08/13";168168,70437614
"2021/08/20";168224,84511341
"2021/08/27";171073,7300786
"2021/09/03";169109,63502213
"2021/09/10";169049,87371863
"2021/09/17";167987,34337286
"2021/09/24";170475,71880588
"2021/10/01";168815,10436624
"2021/10/08";170255,60694341
"2021/10/15";168747,02660995
"2021/10/22";173344,65738433
"2021/10/29";171906,04980485
"2021/11/05";175064,71209825
"2021/11/12";174811,58557767
"2021/11/19";174521,85343909
"2021/11/26";181138,19156839
"2021/12/03";181400,4659376
"2021/12/10";183869,53711177
"2021/12/17";184478,58098252
"2021/12/24";189298,63425323
"2021/12/31";188259,319659
"2022/01/07";187755,6128037
"2022/01/14";184571,00978724
"2022/01/21";182444,9039808
"2022/01/28";181279,60012702
"2022/02/04";179781,97336161
"2022/02/11";182198,17323246
"2022/02/18";186340,09072753
"2022/02/25";183822,75769522
"2022/03/04";181241,44390069
"2022/03/11";182527,6861329
"2022/03/18";181169,24308647
"2022/03/25";182626,49388581
"2022/04/01";181467,39758743
"2022/04/08";180406,67936646
"2022/04/15";179502,14114891
"2022/04/22";184772,01536901
"2022/04/29";180324,41949299
"2022/05/06";183754,26725147
"2022/05/13";181224,9424104
"2022/05/20";180300,61927569
"2022/05/27";180864,45895553
"2022/06/03";179765,58529525
"2022/06/10";179938,82348104
"2022/06/17";178723,00105176
"2022/06/24";182530,95736342
"2022/07/01";182139,11694928
"2022/07/08";185381,41829802
"2022/07/15";182014,76158542
"2022/07/22";185403,0876251
"2022/07/29";182438,42024236
"2022/08/05";183879,29830283
"2022/08/12";181557,34980113
"2022/08/19";182321,37739412
"2022/08/26";184080,703426857
"2022/09/02";181753,44653183
"2022/09/09";181061,94410405
"2022/09/16";177824,91544368
"2022/09/23";180085,5245406
"2022/09/30";178143,30940504
"2022/10/07";180086,79704055
"2022/10/14";178371,79970059
"2022/10/21";180283,51813663
"2022/10/28";180695,98786114
"2022/11/04";180822,75800483
"2022/11/11";181935,26441811
"2022/11/18";179987,05124014
"2022/11/25";183840,08390628
"2022/12/02";181774,88661241
"2022/12/09";186474,35125992
"2022/12/16";184743,68749924
"2022/12/23";189128,50899484
"2022/12/30";189505,74252157
"2023/01/06";188267,03848377
"2023/01/13";184469,79073047
"2023/01/20";182136,08709495
"2023/01/27";181472,43178281
"2023/02/03";177793,96134532
"2023/02/10";178592,88294465
"2023/02/17";176179,50097965
"2023/02/24";177645,05303674
"2023/03/03";173216,04807051
"2023/03/10";172616,97957845
"2023/03/17";171586,63244819
"2023/03/24";174064,83470523
"2023/03/31";172389,16552224
"2023/04/07";173390,72747293
"2023/04/14";171464,2732884
"2023/04/21";173184,5494072
"2023/04/28";171774,81509349
"2023/05/05";171382,43558688
"2023/05/12";170424,17212376
"2023/05/19";167594,18465618
"2023/05/26";170377,37257977
"2023/06/02";168572,24963946
"2023/06/09";168778,26939855
"2023/06/16";166866,52572751
"2023/06/23";169848,8704206
"2023/06/30";169042,29378565
"2023/07/07";170054,42255007
"2023/07/14";168866,3730209
"2023/07/21";167885,0826173
"2023/07/28";169433,60010725
"2023/08/04";167346,08759271
"2023/08/11";168369,21934944
"2023/08/18";167069,16166135
"2023/08/25";168494,49169318
"2023/09/01";167846,94838246
"2023/09/08";168236,60826209
"2023/09/15";165633,41536371
"2023/09/22";167212,33176495
"2023/09/29";168159,48040255
"2023/10/06";170681,16249951
"2023/10/13";171381,16960312
"2023/10/20";171128,94695414
"2023/10/27";173828,68303435
"2023/11/03";171303,53921345
"2023/11/10";171583,9976074
"2023/11/17";170277,6996871
"2023/11/24";176295,32040121
"2023/12/01";173544,85984247
"2023/12/08";179487,92405139
"2023/12/15";178711,02479917
"2023/12/22";183779,5295908
"2023/12/29";184835,824504629
"2024/01/05";183268,431083937
"2024/01/12";180317,949839969
"2024/01/19";179138,81478853
"2024/01/26";179958,988271555
"2024/02/02";177889,322992045
"2024/02/09";183328,559569167
"2024/02/16";178956,191267258
"2024/02/23";179681,78158147
"2024/03/01";174902,48019585
"2024/03/08";175969,490300852
"2024/03/15";173241,583382424
"2024/03/22";176928,640215688
"2024/03/29";174410,880556406
"2024/04/05";174751,106509316
"2024/04/12";175672,974159419
"2024/04/19";174781,314677957
"2024/04/26";176875,05997962
"2024/05/03";176074,4057191
"2024/05/10";175987,07584262
"2024/05/17";172675,931502387
"2024/05/24";172391,773979575
"2024/05/31";172997,392022908
"2024/06/07";175325,266309455
"2024/06/14";175730,502203433
"2024/06/21";179270,551213886
"2024/06/28";177031,95152347
"2024/07/05";181503,015385579
"2024/07/12";180509,931516392
"2024/07/19";177296,676294745
"2024/07/26";180634,59550988
"2024/08/02";178967,770539658
"2024/08/09";180617,121362704
"2024/08/16";179030,403408535
"2024/08/23";179656,012619639
"2024/08/30";180006,809528208
"2024/09/06";182532,323654528
"2024/09/13";181008,37555001
"2024/09/20";179793,988375312
"2024/09/27";183985,355564358
"2024/10/04";184277,605144579
"2024/10/11";185409,310435437
"2024/10/18";186053,189679594
"2024/10/25";189084,159558933
"2024/11/01";189061,215008076
"2024/11/08";192180,413218277
"2024/11/15";190471,166143005
"2024/11/22";193871,304667932
"2024/11/29";192312,663225463
"2024/12/06";198319,44739533
"2024/12/13";200188,7391477
"2024/12/20";204266,060882353
"2024/12/27";210855,873928705
"2025/01/03";207143,366205099
"2025/01/10";206226,68613478
"2025/01/17";204692,111225475
"2025/01/24";202655,026544595
"2025/01/31";199333,305513402
"2025/02/07";201474,246164098
"2025/02/14";201786,794775454
"2025/02/21";201772,289156292
"2025/02/28";197709,163285399
"2025/03/07";201295,235017132
"2025/03/14";197039,928316318
"2025/03/21";198342,751822988
"2025/03/28";202359,685675477
"2025/04/04";201617,318301286
"2025/04/11";201711,590205683
"2025/04/18";202044,032695533